##general,,,,,,,,,,,,
version,max_downlink_commands,,,,,,,,,,,
1,5,,,,,,,,,,,
##models,,,,,,,,,,,,
name,selectors,,,,,,,,,,,
group-counter,"{ mId: vs133 }, { mId: vs135 }",,,,,,,,,,,
common-report_interval,"{ mId: am102 }, { mId: am102l }, { mId: am307l }, { mId: am308l }, { mId: at101 }, { mId: ct101 }, { mId: ct101-v2 }, { mId: ct103 }, { mId: ct103-v2 }, { mId: ct105 }, { mId: ct105-v2 }, { mId: ct303 }, { mId: ct303-v2 }, { mId: ct305 }, { mId: ct305-v2 }, { mId: ct310 }, { mId: ct310-v2 }, { mId: ds3604 }, { mId: em300-di }, { mId: em300-di-hall }, { mId: em300-mcs }, { mId: em300-mld }, { mId: em300-sld }, { mId: em300-th }, { mId: em300-zld }, { mId: em310-tilt }, { mId: em310-udl }, { mId: em320-th }, { mId: em320-tilt }, { mId: em400-mud }, { mId: em400-tld }, { mId: em400-udl }, { mId: em410-rdl }, { mId: em500-co2 }, { mId: em500-lgt }, { mId: em500-pp }, { mId: em500-pt100 }, { mId: em500-smt }, { mId: em500-smtc }, { mId: em500-swl }, { mId: em500-udl }, { mId: gs101 }, { mId: gs301 }, { mId: ts101 }, { mId: ts201 }, { mId: ts201-v2 }, { mId: ts301-v2 }, { mId: ts302-v2 }, { mId: uc100 }, { mId: uc100-v2 }, { mId: uc300 }, { mId: vs132 }, { mId: vs133 }, { mId: vs135 }, { mId: vs321 }, { mId: vs330 }, { mId: vs340 }, { mId: vs341 }, { mId: vs350 }, { mId: vs351 }, { mId: vs360 }, { mId: vs370 }, { mId: vs373 }, { mId: ws201 }, { mId: ws202 }, { mId: ws203 }, { mId: ws301 }, { mId: ws303 }, { mId: ws515 }, { mId: ws525 }, { mId: ws558 }, { mId: wt101 }, { mId: wt201 }, { mId: wt201-v2 }",,,,,,,,,,,
common-report_status,"{ mId: at101 }, { mId: ct101 }, { mId: ct101-v2 }, { mId: ct103 }, { mId: ct103-v2 }, { mId: ct105 }, { mId: ct105-v2 }, { mId: ct303 }, { mId: ct303-v2 }, { mId: ct305 }, { mId: ct305-v2 }, { mId: ct310 }, { mId: ct310-v2 }, { mId: em300-mcs }, { mId: em300-mld }, { mId: em300-sld }, { mId: em300-th }, { mId: em300-zld }, { mId: em320-th }, { mId: em410-rdl }, { mId: em500-co2 }, { mId: em500-lgt }, { mId: em500-pp }, { mId: em500-pt100 }, { mId: em500-smt }, { mId: em500-smtc }, { mId: em500-swl }, { mId: em500-udl }, { mId: ts201 }, { mId: ts201-v2 }, { mId: ts301-v2 }, { mId: ts302-v2 }, { mId: uc100-v2 }, { mId: uc300 }, { mId: vs350 }, { mId: vs360 }, { mId: vs370 }, { mId: vs373 }, { mId: ws201 }, { mId: ws515 }, { mId: ws525 }, { mId: ws558 }, { mId: wt101 }, { mId: wt201 }, { mId: wt201-v2 }",,,,,,,,,,,
common-fetch_history,"{ mId: am102 }, { mId: am102l }, { mId: am307l }, { mId: am308l }, { mId: em300-di }, { mId: em300-di-hall }, { mId: em300-mcs }, { mId: em300-mld }, { mId: em300-sld }, { mId: em300-th }, { mId: em300-zld }, { mId: em320-th }, { mId: em410-rdl }, { mId: em500-co2 }, { mId: em500-lgt }, { mId: em500-pp }, { mId: em500-pt100 }, { mId: em500-smt }, { mId: em500-smtc }, { mId: em500-swl }, { mId: em500-udl }, { mId: ts101 }, { mId: ts201 }, { mId: ts201-v2 }, { mId: ts301-v2 }, { mId: ts302-v2 }, { mId: uc100 }, { mId: uc100-v2 }, { mId: vs133 }, { mId: vs135 }, { mId: vs321 }, { mId: vs350 }, { mId: vs351 }, { mId: vs360 }, { mId: vs373 }, { mId: ws203 }, { mId: wt201 }, { mId: wt303 }, { mId: wt304 }",,,,,,,,,,,
common-time_zone,"{ mId: am102 }, { mId: am102l }, { mId: am307l }, { mId: am308l }, { mId: at101 }, { mId: em300-di }, { mId: em300-di-hall }, { mId: em410-rdl }, { mId: em500-co2 }, { mId: em500-lgt }, { mId: em500-pp }, { mId: em500-pt100 }, { mId: em500-smt }, { mId: em500-smtc }, { mId: em500-swl }, { mId: em500-udl }, { mId: gs101 }, { mId: gs601 }, { mId: ts101 }, { mId: ts301-v2 }, { mId: ts302-v2 }, { mId: ts601 }, { mId: ts602 }, { mId: uc100-v2 }, { mId: uc300 }, { mId: vs350 }, { mId: vs360 }, { mId: vs370 }, { mId: ws201 }, { mId: ws203 }, { mId: ws302 }, { mId: wt101 }, { mId: wt102 }, { mId: wt201 }, { mId: wt201-v2 }, { mId: wt303 }, { mId: wt304 }",,,,,,,,,,,
common-collection_interval,"{ mId: em300-di }, { mId: em300-di-hall }, { mId: em300-mcs }, { mId: em300-mld }, { mId: em300-sld }, { mId: em300-th }, { mId: em300-zld }, { mId: em310-udl }, { mId: em320-th }, { mId: em400-mud }, { mId: em400-tld }, { mId: em400-udl }, { mId: em410-rdl }, { mId: em500-co2 }, { mId: em500-lgt }, { mId: em500-pp }, { mId: em500-pt100 }, { mId: em500-smt }, { mId: em500-smtc }, { mId: em500-swl }, { mId: em500-udl }, { mId: ts101 }, { mId: ts201 }, { mId: ts201-v2 }, { mId: ts301-v2 }, { mId: ts302-v2 }, { mId: ts601 }, { mId: ts602 }, { mId: uc300 }, { mId: vs321 }, { mId: vs330 }, { mId: ws201 }, { mId: ws203 }, { mId: wt201 }, { mId: wt201-v2 }, { mId: wt303 }, { mId: wt304 }",,,,,,,,,,,
common-history_enable,"{ mId: am102 }, { mId: am102l }, { mId: am307l }, { mId: am308l }, { mId: em300-di }, { mId: em300-di-hall }, { mId: em300-mcs }, { mId: em300-mld }, { mId: em300-sld }, { mId: em300-th }, { mId: em300-zld }, { mId: em320-th }, { mId: em410-rdl }, { mId: em500-co2 }, { mId: em500-lgt }, { mId: em500-pp }, { mId: em500-pt100 }, { mId: em500-smt }, { mId: em500-smtc }, { mId: em500-swl }, { mId: em500-udl }, { mId: ts101 }, { mId: ts201 }, { mId: ts201-v2 }, { mId: ts301-v2 }, { mId: ts302-v2 }, { mId: uc100 }, { mId: uc100-v2 }, { mId: vs133 }, { mId: vs135 }, { mId: vs321 }, { mId: vs350 }, { mId: vs351 }, { mId: vs360 }, { mId: ws203 }, { mId: wt201 }",,,,,,,,,,,
common-stop_transmit,"{ mId: am102 }, { mId: am102l }, { mId: am307l }, { mId: am308l }, { mId: em300-di }, { mId: em300-di-hall }, { mId: em300-mcs }, { mId: em300-mld }, { mId: em300-sld }, { mId: em300-th }, { mId: em300-zld }, { mId: em320-th }, { mId: em410-rdl }, { mId: em500-co2 }, { mId: em500-lgt }, { mId: em500-pp }, { mId: em500-pt100 }, { mId: em500-smt }, { mId: em500-smtc }, { mId: em500-swl }, { mId: em500-udl }, { mId: ts101 }, { mId: ts201 }, { mId: ts201-v2 }, { mId: ts301-v2 }, { mId: ts302-v2 }, { mId: uc100 }, { mId: vs133 }, { mId: vs135 }, { mId: vs321 }, { mId: vs350 }, { mId: vs351 }, { mId: vs360 }, { mId: vs373 }, { mId: ws203 }, { mId: wt201 }",,,,,,,,,,,
model-am102,{ mId: am102 },,,,,,,,,,,
model-am102l,{ mId: am102l },,,,,,,,,,,
model-am103am103l,{ mId: am103am103l },,,,,,,,,,,
model-am104,{ mId: am104 },,,,,,,,,,,
model-am107,{ mId: am107 },,,,,,,,,,,
model-am304l,{ mId: am304l },,,,,,,,,,,
model-am305l,{ mId: am305l },,,,,,,,,,,
model-am307,{ mId: am307 },,,,,,,,,,,
model-am307l,{ mId: am307l },,,,,,,,,,,
model-am308,{ mId: am308 },,,,,,,,,,,
model-am308l,{ mId: am308l },,,,,,,,,,,
model-am319,{ mId: am319 },,,,,,,,,,,
model-at101,{ mId: at101 },,,,,,,,,,,
model-ct101,{ mId: ct101 },,,,,,,,,,,
model-ct101-v2,{ mId: ct101-v2 },,,,,,,,,,,
model-ct103,{ mId: ct103 },,,,,,,,,,,
model-ct103-v2,{ mId: ct103-v2 },,,,,,,,,,,
model-ct105,{ mId: ct105 },,,,,,,,,,,
model-ct105-v2,{ mId: ct105-v2 },,,,,,,,,,,
model-ct303,{ mId: ct303 },,,,,,,,,,,
model-ct303-v2,{ mId: ct303-v2 },,,,,,,,,,,
model-ct305,{ mId: ct305 },,,,,,,,,,,
model-ct305-v2,{ mId: ct305-v2 },,,,,,,,,,,
model-ct310,{ mId: ct310 },,,,,,,,,,,
model-ct310-v2,{ mId: ct310-v2 },,,,,,,,,,,
model-cth01,{ mId: cth01 },,,,,,,,,,,
model-cth01-compress,{ mId: cth01-compress },,,,,,,,,,,
model-ds3604,{ mId: ds3604 },,,,,,,,,,,
model-em300-cl,{ mId: em300-cl },,,,,,,,,,,
model-em300-di,{ mId: em300-di },,,,,,,,,,,
model-em300-di-hall,{ mId: em300-di-hall },,,,,,,,,,,
model-em300-mcs,{ mId: em300-mcs },,,,,,,,,,,
model-em300-mld,{ mId: em300-mld },,,,,,,,,,,
model-em300-sld,{ mId: em300-sld },,,,,,,,,,,
model-em300-th,{ mId: em300-th },,,,,,,,,,,
model-em300-zld,{ mId: em300-zld },,,,,,,,,,,
model-em310-tilt,{ mId: em310-tilt },,,,,,,,,,,
model-em310-udl,{ mId: em310-udl },,,,,,,,,,,
model-em320-th,{ mId: em320-th },,,,,,,,,,,
model-em320-tilt,{ mId: em320-tilt },,,,,,,,,,,
model-em400-mud,{ mId: em400-mud },,,,,,,,,,,
model-em400-tld,{ mId: em400-tld },,,,,,,,,,,
model-em400-udl,{ mId: em400-udl },,,,,,,,,,,
model-em410-rdl,{ mId: em410-rdl },,,,,,,,,,,
model-em500-co2,{ mId: em500-co2 },,,,,,,,,,,
model-em500-lgt,{ mId: em500-lgt },,,,,,,,,,,
model-em500-pp,{ mId: em500-pp },,,,,,,,,,,
model-em500-pt100,{ mId: em500-pt100 },,,,,,,,,,,
model-em500-smt,{ mId: em500-smt },,,,,,,,,,,
model-em500-smtc,{ mId: em500-smtc },,,,,,,,,,,
model-em500-swl,{ mId: em500-swl },,,,,,,,,,,
model-em500-udl,{ mId: em500-udl },,,,,,,,,,,
model-ft101,{ mId: ft101 },,,,,,,,,,,
model-gs101,{ mId: gs101 },,,,,,,,,,,
model-gs301,{ mId: gs301 },,,,,,,,,,,
model-gs524n,{ mId: gs524n },,,,,,,,,,,
model-gs601,{ mId: gs601 },,,,,,,,,,,
model-ts101,{ mId: ts101 },,,,,,,,,,,
model-ts201,{ mId: ts201 },,,,,,,,,,,
model-ts201-v2,{ mId: ts201-v2 },,,,,,,,,,,
model-ts301,{ mId: ts301 },,,,,,,,,,,
model-ts301-v2,{ mId: ts301-v2 },,,,,,,,,,,
model-ts302,{ mId: ts302 },,,,,,,,,,,
model-ts302-v2,{ mId: ts302-v2 },,,,,,,,,,,
model-ts601,{ mId: ts601 },,,,,,,,,,,
model-ts602,{ mId: ts602 },,,,,,,,,,,
model-uc100,{ mId: uc100 },,,,,,,,,,,
model-uc100-v2,{ mId: uc100-v2 },,,,,,,,,,,
model-uc11-n1,{ mId: uc11-n1 },,,,,,,,,,,
model-uc11-t1,{ mId: uc11-t1 },,,,,,,,,,,
model-uc1114,{ mId: uc1114 },,,,,,,,,,,
model-uc1122,{ mId: uc1122 },,,,,,,,,,,
model-uc1152,{ mId: uc1152 },,,,,,,,,,,
model-uc11xx,{ mId: uc11xx },,,,,,,,,,,
model-uc300,{ mId: uc300 },,,,,,,,,,,
model-uc3xxx,{ mId: uc3xxx },,,,,,,,,,,
model-uc50x,{ mId: uc50x },,,,,,,,,,,
model-uc51x,{ mId: uc51x },,,,,,,,,,,
model-vs121,{ mId: vs121 },,,,,,,,,,,
model-vs132,{ mId: vs132 },,,,,,,,,,,
model-vs133,{ mId: vs133 },,,,,,,,,,,
model-vs135,{ mId: vs135 },,,,,,,,,,,
model-vs321,{ mId: vs321 },,,,,,,,,,,
model-vs330,{ mId: vs330 },,,,,,,,,,,
model-vs340,{ mId: vs340 },,,,,,,,,,,
model-vs341,{ mId: vs341 },,,,,,,,,,,
model-vs350,{ mId: vs350 },,,,,,,,,,,
model-vs351,{ mId: vs351 },,,,,,,,,,,
model-vs360,{ mId: vs360 },,,,,,,,,,,
model-vs370,{ mId: vs370 },,,,,,,,,,,
model-vs373,{ mId: vs373 },,,,,,,,,,,
model-ws101,{ mId: ws101 },,,,,,,,,,,
model-ws136ws156,{ mId: ws136ws156 },,,,,,,,,,,
model-ws201,{ mId: ws201 },,,,,,,,,,,
model-ws202,{ mId: ws202 },,,,,,,,,,,
model-ws203,{ mId: ws203 },,,,,,,,,,,
model-ws301,{ mId: ws301 },,,,,,,,,,,
model-ws302,{ mId: ws302 },,,,,,,,,,,
model-ws303,{ mId: ws303 },,,,,,,,,,,
model-ws50x,{ mId: ws50x },,,,,,,,,,,
model-ws51x,{ mId: ws51x },,,,,,,,,,,
model-ws513-eu,{ mId: ws513-eu },,,,,,,,,,,
model-ws51x,{ mId: ws51x },,,,,,,,,,,
model-ws515,{ mId: ws515 },,,,,,,,,,,
model-ws51x,{ mId: ws51x },,,,,,,,,,,
model-ws523,{ mId: ws523 },,,,,,,,,,,
model-ws525,{ mId: ws525 },,,,,,,,,,,
model-ws52x,{ mId: ws52x },,,,,,,,,,,
model-ws558,{ mId: ws558 },,,,,,,,,,,
model-wt101,{ mId: wt101 },,,,,,,,,,,
model-wt102,{ mId: wt102 },,,,,,,,,,,
model-wt201,{ mId: wt201 },,,,,,,,,,,
model-wt201-v2,{ mId: wt201-v2 },,,,,,,,,,,
model-wt211,{ mId: wt211 },,,,,,,,,,,
model-wt301-wt302,{ mId: wt301-wt302 },,,,,,,,,,,
model-wt303,{ mId: wt303 },,,,,,,,,,,
model-wt304,{ mId: wt304 },,,,,,,,,,,
model-wt401,{ mId: wt401 },,,,,,,,,,,
model-wts305,{ mId: wts305 },,,,,,,,,,,
model-wts506,{ mId: wts506 },,,,,,,,,,,
shared-001-batterylevel,"{ mId: am102 }, { mId: am102l }, { mId: am103am103l }, { mId: am104 }, { mId: am107 }, { mId: am307l }, { mId: am308l }, { mId: at101 }, { mId: ds3604 }, { mId: em300-di }, { mId: em300-di-hall }, { mId: em300-mcs }, { mId: em300-mld }, { mId: em300-sld }, { mId: em300-th }, { mId: em300-zld }, { mId: em310-tilt }, { mId: em310-udl }, { mId: em320-th }, { mId: em320-tilt }, { mId: em400-mud }, { mId: em400-tld }, { mId: em400-udl }, { mId: em410-rdl }, { mId: em500-co2 }, { mId: em500-lgt }, { mId: em500-pp }, { mId: em500-pt100 }, { mId: em500-smt }, { mId: em500-smtc }, { mId: em500-swl }, { mId: em500-udl }, { mId: gs301 }, { mId: ts101 }, { mId: ts201-v2 }, { mId: ts301 }, { mId: ts301-v2 }, { mId: ts302 }, { mId: ts302-v2 }, { mId: uc11-n1 }, { mId: uc11-t1 }, { mId: uc50x }, { mId: uc51x }, { mId: vs321 }, { mId: vs330 }, { mId: vs340 }, { mId: vs341 }, { mId: vs350 }, { mId: vs370 }, { mId: ws101 }, { mId: ws136ws156 }, { mId: ws201 }, { mId: ws202 }, { mId: ws203 }, { mId: ws301 }, { mId: ws302 }, { mId: ws303 }, { mId: wt101 }, { mId: wt102 }, { mId: wts305 }",,,,,,,,,,,
shared-002-temperature,"{ mId: am102 }, { mId: am102l }, { mId: am307l }, { mId: am308l }, { mId: at101 }, { mId: em300-di }, { mId: em300-mcs }, { mId: em300-sld }, { mId: em300-th }, { mId: em300-zld }, { mId: em400-mud }, { mId: em400-tld }, { mId: em400-udl }, { mId: em500-co2 }, { mId: em500-pt100 }, { mId: em500-smt }, { mId: em500-smtc }, { mId: gs301 }, { mId: ts201 }, { mId: ts201-v2 }, { mId: ts301-v2 }, { mId: ts302-v2 }, { mId: uc11-t1 }, { mId: vs321 }, { mId: vs350 }, { mId: ws203 }, { mId: wts305 }",,,,,,,,,,,
shared-003-humidity,"{ mId: am102 }, { mId: am102l }, { mId: am307l }, { mId: am308l }, { mId: em300-di }, { mId: em300-mcs }, { mId: em300-sld }, { mId: em300-th }, { mId: em300-zld }, { mId: em500-co2 }, { mId: em500-smt }, { mId: em500-smtc }, { mId: gs301 }, { mId: gs601 }, { mId: uc11-t1 }, { mId: vs321 }, { mId: ws203 }, { mId: wts305 }",,,,,,,,,,,
shared-004-reboot,"{ mId: am102 }, { mId: am102l }, { mId: am307l }, { mId: am308l }, { mId: at101 }, { mId: ct101 }, { mId: ct101-v2 }, { mId: ct103 }, { mId: ct103-v2 }, { mId: ct105 }, { mId: ct105-v2 }, { mId: ct303 }, { mId: ct303-v2 }, { mId: ct305 }, { mId: ct305-v2 }, { mId: ct310 }, { mId: ct310-v2 }, { mId: ds3604 }, { mId: em300-di }, { mId: em300-di-hall }, { mId: em300-mcs }, { mId: em300-mld }, { mId: em300-sld }, { mId: em300-th }, { mId: em300-zld }, { mId: em310-tilt }, { mId: em310-udl }, { mId: em320-th }, { mId: em320-tilt }, { mId: em400-mud }, { mId: em400-tld }, { mId: em400-udl }, { mId: em410-rdl }, { mId: em500-co2 }, { mId: em500-lgt }, { mId: em500-pp }, { mId: em500-pt100 }, { mId: em500-smt }, { mId: em500-smtc }, { mId: em500-swl }, { mId: em500-udl }, { mId: gs101 }, { mId: gs301 }, { mId: ts101 }, { mId: ts201 }, { mId: ts201-v2 }, { mId: ts301-v2 }, { mId: ts302-v2 }, { mId: ts601 }, { mId: ts602 }, { mId: uc100 }, { mId: uc100-v2 }, { mId: uc300 }, { mId: vs132 }, { mId: vs133 }, { mId: vs135 }, { mId: vs321 }, { mId: vs330 }, { mId: vs340 }, { mId: vs341 }, { mId: vs350 }, { mId: vs351 }, { mId: vs360 }, { mId: vs370 }, { mId: vs373 }, { mId: ws201 }, { mId: ws202 }, { mId: ws203 }, { mId: ws301 }, { mId: ws303 }, { mId: ws515 }, { mId: ws525 }, { mId: ws558 }, { mId: wt101 }, { mId: wt102 }, { mId: wt201 }, { mId: wt201-v2 }",,,,,,,,,,,
shared-005-timestamp,"{ mId: am102 }, { mId: am102l }, { mId: em500-co2 }, { mId: em500-lgt }, { mId: em500-pp }, { mId: em500-pt100 }, { mId: em500-smt }, { mId: em500-smtc }, { mId: em500-swl }, { mId: em500-udl }, { mId: gs101 }, { mId: uc300 }, { mId: vs133 }, { mId: vs135 }, { mId: vs373 }, { mId: ws302 }",,,,,,,,,,,
shared-006-time-sync-enable,"{ mId: am102 }, { mId: am102l }, { mId: am307l }, { mId: am308l }, { mId: at101 }, { mId: em500-co2 }, { mId: em500-lgt }, { mId: em500-pp }, { mId: em500-pt100 }, { mId: em500-smt }, { mId: em500-smtc }, { mId: em500-swl }, { mId: em500-udl }, { mId: gs101 }, { mId: ws302 }, { mId: wt101 }",,,,,,,,,,,
shared-007-report-schedule-config,"{ mId: am102 }, { mId: am102l }",,,,,,,,,,,
shared-009-led-indicator-mode,"{ mId: am102 }, { mId: am102l }, { mId: am307l }, { mId: am308l }",,,,,,,,,,,
shared-010-hibernate-config,"{ mId: am102 }, { mId: vs351 }, { mId: vs360 }, { mId: vs370 }, { mId: ws201 }",,,,,,,,,,,
shared-012-temperature-alarm-config,"{ mId: am102 }, { mId: am102l }, { mId: ct101 }, { mId: ct101-v2 }, { mId: ct103 }, { mId: ct103-v2 }, { mId: ct105 }, { mId: ct105-v2 }, { mId: ct303 }, { mId: ct303-v2 }, { mId: ct305 }, { mId: ct305-v2 }, { mId: ct310 }, { mId: ct310-v2 }, { mId: em300-mcs }, { mId: em300-sld }, { mId: em300-th }, { mId: em300-zld }, { mId: em320-th }, { mId: em500-co2 }, { mId: em500-pt100 }, { mId: em500-smt }, { mId: em500-smtc }, { mId: ts101 }, { mId: ts201 }, { mId: ts201-v2 }, { mId: ts301-v2 }, { mId: vs321 }, { mId: vs350 }, { mId: vs351 }, { mId: ws203 }, { mId: ws515 }, { mId: wt201 }, { mId: wt201-v2 }",,,,,,,,,,,
shared-013-retransmit-enable,"{ mId: am102 }, { mId: am102l }, { mId: am307l }, { mId: am308l }, { mId: em300-di }, { mId: em300-di-hall }, { mId: em300-mcs }, { mId: em300-mld }, { mId: em300-sld }, { mId: em300-th }, { mId: em300-zld }, { mId: em320-th }, { mId: em410-rdl }, { mId: em500-co2 }, { mId: em500-lgt }, { mId: em500-pp }, { mId: em500-pt100 }, { mId: em500-smt }, { mId: em500-smtc }, { mId: em500-swl }, { mId: em500-udl }, { mId: ts101 }, { mId: ts301-v2 }, { mId: ts302-v2 }, { mId: uc100 }, { mId: uc100-v2 }, { mId: vs133 }, { mId: vs135 }, { mId: vs321 }, { mId: vs350 }, { mId: vs351 }, { mId: vs360 }, { mId: vs373 }, { mId: ws203 }, { mId: wt201 }",,,,,,,,,,,
shared-014-retransmit-interval,"{ mId: am102 }, { mId: am102l }, { mId: am307l }, { mId: am308l }, { mId: em300-di }, { mId: em300-di-hall }, { mId: em300-mcs }, { mId: em300-mld }, { mId: em300-sld }, { mId: em300-th }, { mId: em300-zld }, { mId: em320-th }, { mId: em410-rdl }, { mId: em500-co2 }, { mId: em500-lgt }, { mId: em500-pp }, { mId: em500-pt100 }, { mId: em500-smt }, { mId: em500-smtc }, { mId: em500-swl }, { mId: em500-udl }, { mId: ts101 }, { mId: ts301-v2 }, { mId: ts302-v2 }, { mId: uc100 }, { mId: vs133 }, { mId: vs135 }, { mId: vs321 }, { mId: vs350 }, { mId: vs351 }, { mId: vs360 }, { mId: vs373 }, { mId: ws203 }, { mId: wt201 }",,,,,,,,,,,
shared-015-clear-history,"{ mId: am102 }, { mId: am102l }, { mId: am307l }, { mId: am308l }, { mId: em300-di }, { mId: em300-di-hall }, { mId: em300-mcs }, { mId: em300-mld }, { mId: em300-sld }, { mId: em300-th }, { mId: em300-zld }, { mId: em320-th }, { mId: em410-rdl }, { mId: em500-co2 }, { mId: em500-lgt }, { mId: em500-pp }, { mId: em500-pt100 }, { mId: em500-smt }, { mId: em500-smtc }, { mId: em500-swl }, { mId: em500-udl }, { mId: ts101 }, { mId: ts201 }, { mId: ts201-v2 }, { mId: ts301-v2 }, { mId: ts302-v2 }, { mId: uc100 }, { mId: uc100-v2 }, { mId: vs133 }, { mId: vs135 }, { mId: vs351 }, { mId: ws203 }, { mId: wt201 }, { mId: wt303 }, { mId: wt304 }",,,,,,,,,,,
shared-016-battery,"{ mId: am103am103l }, { mId: am104 }, { mId: am107 }, { mId: uc50x }, { mId: uc51x }",,,,,,,,,,,
shared-017-temperature,"{ mId: am103am103l }, { mId: am104 }, { mId: am107 }, { mId: am307 }, { mId: am308 }, { mId: am319 }",,,,,,,,,,,
shared-020-co2level,"{ mId: am103am103l }, { mId: am104 }, { mId: am107 }, { mId: am307 }, { mId: am308 }, { mId: am308l }, { mId: am319 }, { mId: em500-co2 }",,,,,,,,,,,
shared-023-illuminance,"{ mId: am103am103l }, { mId: am104 }, { mId: am107 }, { mId: am307 }, { mId: am308 }, { mId: am319 }, { mId: em500-lgt }",,,,,,,,,,,
shared-024-batterylevel,"{ mId: am307 }, { mId: am308 }, { mId: am319 }",,,,,,,,,,,
shared-030-stop-buzzer,"{ mId: am307l }, { mId: am308l }",,,,,,,,,,,
shared-035-co2-calibration-settings,"{ mId: am307l }, { mId: am308l }, { mId: em500-co2 }",,,,,,,,,,,
shared-036-buzzer-enable,"{ mId: am307l }, { mId: am308l }, { mId: ds3604 }, { mId: gs101 }, { mId: gs301 }, { mId: gs601 }, { mId: vs373 }, { mId: ws101 }, { mId: ws303 }",,,,,,,,,,,
shared-037-child-lock-settings,"{ mId: am307l }, { mId: am308l }, { mId: wt303 }, { mId: wt304 }",,,,,,,,,,,
shared-038-pressure,"{ mId: am308l }, { mId: em500-co2 }, { mId: em500-pp }, { mId: wts305 }",,,,,,,,,,,
shared-039-concentration-1,"{ mId: am308l }, { mId: gs601 }",,,,,,,,,,,
shared-041-sync-time,"{ mId: at101 }, { mId: em300-di }, { mId: em300-di-hall }, { mId: em310-tilt }, { mId: em320-tilt }, { mId: em400-mud }, { mId: em400-tld }, { mId: em400-udl }, { mId: em410-rdl }, { mId: em500-co2 }, { mId: em500-lgt }, { mId: em500-pp }, { mId: em500-pt100 }, { mId: em500-smt }, { mId: em500-smtc }, { mId: em500-swl }, { mId: em500-udl }, { mId: ts101 }, { mId: ts201 }, { mId: ts201-v2 }, { mId: ts301-v2 }, { mId: ts302-v2 }, { mId: uc100-v2 }, { mId: uc300 }, { mId: vs350 }, { mId: vs360 }, { mId: vs370 }, { mId: ws203 }, { mId: wt101 }, { mId: wt201 }, { mId: wt201-v2 }",,,,,,,,,,,
shared-042-bluetooth-enable,"{ mId: at101 }, { mId: vs370 }",,,,,,,,,,,
shared-043-charge,"{ mId: ct101 }, { mId: ct103 }, { mId: ct105 }",,,,,,,,,,,
shared-045-clear-current-cumulative,"{ mId: ct101 }, { mId: ct101-v2 }, { mId: ct103 }, { mId: ct103-v2 }, { mId: ct105 }, { mId: ct105-v2 }",,,,,,,,,,,
shared-046-alarm-report-counts,"{ mId: ct101 }, { mId: ct101-v2 }, { mId: ct103 }, { mId: ct103-v2 }, { mId: ct105 }, { mId: ct105-v2 }, { mId: ct303 }, { mId: ct303-v2 }, { mId: ct305 }, { mId: ct305-v2 }, { mId: ct310 }, { mId: ct310-v2 }, { mId: em500-co2 }, { mId: em500-lgt }, { mId: em500-pp }, { mId: em500-pt100 }, { mId: em500-smt }, { mId: em500-smtc }, { mId: em500-swl }, { mId: em500-udl }, { mId: ts201 }, { mId: ts201-v2 }",,,,,,,,,,,
shared-047-alarm-report-interval,"{ mId: ct101 }, { mId: ct101-v2 }, { mId: ct103 }, { mId: ct103-v2 }, { mId: ct105 }, { mId: ct105-v2 }, { mId: ct303 }, { mId: ct303-v2 }, { mId: ct305 }, { mId: ct305-v2 }, { mId: ct310 }, { mId: ct310-v2 }",,,,,,,,,,,
shared-048-current-alarm-config,"{ mId: ct101 }, { mId: ct101-v2 }, { mId: ct103 }, { mId: ct103-v2 }, { mId: ct105 }, { mId: ct105-v2 }, { mId: ws515 }, { mId: ws525 }",,,,,,,,,,,
shared-049-voltage,"{ mId: ct101-v2 }, { mId: ct103-v2 }, { mId: ct105-v2 }, { mId: ct303-v2 }, { mId: ct305-v2 }, { mId: ct310-v2 }",,,,,,,,,,,
shared-052-current-1,"{ mId: ct303 }, { mId: ct305 }, { mId: ct310 }",,,,,,,,,,,
shared-056-status-1,"{ mId: ct303 }, { mId: ct305 }, { mId: ct310 }, { mId: em300-mld }, { mId: em400-mud }, { mId: em400-tld }, { mId: em400-udl }, { mId: em410-rdl }, { mId: gs101 }, { mId: ts301 }, { mId: ts302 }, { mId: uc11-n1 }, { mId: uc50x }, { mId: uc51x }, { mId: vs321 }, { mId: vs330 }, { mId: vs350 }, { mId: vs360 }, { mId: vs370 }, { mId: vs373 }, { mId: ws50x }, { mId: ws558 }, { mId: wt101 }",,,,,,,,,,,
shared-057-status-2,"{ mId: ct303 }, { mId: ct305 }, { mId: ct310 }, { mId: em400-mud }, { mId: em410-rdl }, { mId: gs101 }, { mId: ts301 }, { mId: ts302 }, { mId: uc50x }, { mId: uc51x }, { mId: vs321 }, { mId: vs330 }, { mId: vs350 }, { mId: vs360 }, { mId: vs370 }, { mId: vs373 }, { mId: ws50x }, { mId: ws558 }, { mId: wt101 }",,,,,,,,,,,
shared-058-status-3,"{ mId: ct303 }, { mId: ct305 }, { mId: ct310 }, { mId: em400-mud }, { mId: em410-rdl }, { mId: gs101 }, { mId: vs321 }, { mId: vs373 }, { mId: ws50x }, { mId: ws558 }",,,,,,,,,,,
shared-059-status-4,"{ mId: ct303 }, { mId: ct305 }, { mId: ct310 }, { mId: vs321 }, { mId: ws558 }",,,,,,,,,,,
shared-060-clear-current-chn1-cumulative,"{ mId: ct303 }, { mId: ct303-v2 }, { mId: ct305 }, { mId: ct305-v2 }, { mId: ct310 }, { mId: ct310-v2 }",,,,,,,,,,,
shared-066-query-device-status,"{ mId: em300-di }, { mId: em300-di-hall }, { mId: em310-tilt }, { mId: em320-tilt }, { mId: em400-mud }, { mId: em400-tld }, { mId: em400-udl }, { mId: gs101 }, { mId: gs601 }, { mId: ts101 }, { mId: ts601 }, { mId: ts602 }, { mId: vs340 }, { mId: vs341 }, { mId: vs351 }, { mId: ws101 }, { mId: ws203 }, { mId: ws301 }, { mId: ws303 }, { mId: wt102 }, { mId: wt303 }, { mId: wt304 }",,,,,,,,,,,
shared-067-temperature-alarm-settings,"{ mId: em300-di }, { mId: em300-di-hall }, { mId: gs601 }, { mId: ts601 }, { mId: ts602 }, { mId: wt102 }, { mId: wt303 }, { mId: wt304 }",,,,,,,,,,,
shared-068-clear-counter,"{ mId: em300-di }, { mId: em300-di-hall }",,,,,,,,,,,
shared-078-d2d-key,"{ mId: em300-di }, { mId: em300-di-hall }, { mId: em500-co2 }, { mId: em500-lgt }, { mId: em500-pp }, { mId: em500-pt100 }, { mId: em500-smt }, { mId: em500-smtc }, { mId: em500-swl }, { mId: em500-udl }, { mId: ts201-v2 }, { mId: ts301-v2 }, { mId: ts302-v2 }, { mId: vs121 }, { mId: vs321 }, { mId: vs340 }, { mId: vs341 }, { mId: vs350 }, { mId: vs351 }, { mId: vs360 }, { mId: vs370 }, { mId: vs373 }, { mId: ws203 }",,,,,,,,,,,
shared-079-d2d-master-config,"{ mId: em300-di }, { mId: em300-di-hall }, { mId: em300-mcs }, { mId: em300-mld }, { mId: em300-sld }, { mId: em300-th }, { mId: em300-zld }, { mId: em500-co2 }, { mId: em500-lgt }, { mId: em500-pp }, { mId: em500-pt100 }, { mId: em500-smt }, { mId: em500-smtc }, { mId: em500-swl }, { mId: em500-udl }, { mId: ts201-v2 }, { mId: ts301-v2 }, { mId: ts302-v2 }, { mId: vs321 }, { mId: vs340 }, { mId: vs341 }, { mId: vs350 }, { mId: vs351 }, { mId: vs360 }, { mId: vs370 }, { mId: vs373 }, { mId: ws203 }, { mId: ws303 }, { mId: wt201 }, { mId: wt201-v2 }",,,,,,,,,,,
shared-081-temperature-calibration-settings,"{ mId: em300-mcs }, { mId: em300-sld }, { mId: em300-th }, { mId: em300-zld }, { mId: em500-co2 }, { mId: em500-pt100 }, { mId: em500-smt }, { mId: em500-smtc }, { mId: gs601 }, { mId: ts101 }, { mId: ts201 }, { mId: ts201-v2 }, { mId: ts301-v2 }, { mId: ts601 }, { mId: ts602 }, { mId: vs350 }, { mId: vs351 }, { mId: ws515 }, { mId: wt101 }, { mId: wt102 }, { mId: wt201 }, { mId: wt201-v2 }, { mId: wt303 }, { mId: wt304 }",,,,,,,,,,,
shared-082-humidity-calibration-settings,"{ mId: em300-mcs }, { mId: em300-sld }, { mId: em300-th }, { mId: em300-zld }, { mId: em500-co2 }, { mId: gs601 }, { mId: ts201 }, { mId: ts201-v2 }, { mId: ts301-v2 }, { mId: ts601 }, { mId: ts602 }, { mId: wt201 }, { mId: wt201-v2 }, { mId: wt303 }, { mId: wt304 }",,,,,,,,,,,
shared-083-leakage-alarm-config,"{ mId: em300-mld }, { mId: em300-sld }, { mId: em300-zld }, { mId: ws303 }",,,,,,,,,,,
shared-084-angle-x-alarm-config,"{ mId: em310-tilt }, { mId: em320-tilt }",,,,,,,,,,,
shared-089-distance,"{ mId: em310-udl }, { mId: em500-swl }",,,,,,,,,,,
shared-090-distance-alarm-config,"{ mId: em310-udl }, { mId: em410-rdl }, { mId: em500-udl }",,,,,,,,,,,
shared-091-distance,"{ mId: em400-mud }, { mId: em400-tld }, { mId: em400-udl }, { mId: ws201 }",,,,,,,,,,,
shared-092-people-existing-height,"{ mId: em400-mud }, { mId: em400-tld }, { mId: em400-udl }",,,,,,,,,,,
shared-093-install-height,"{ mId: em400-mud }, { mId: em400-tld }",,,,,,,,,,,
shared-100-recollection-config,"{ mId: em400-mud }, { mId: em400-tld }, { mId: em400-udl }, { mId: em410-rdl }, { mId: em500-co2 }, { mId: em500-lgt }, { mId: em500-pp }, { mId: em500-pt100 }, { mId: em500-smt }, { mId: em500-smtc }, { mId: em500-swl }, { mId: em500-udl }",,,,,,,,,,,
shared-101-temperature-2,"{ mId: em410-rdl }, { mId: ts101 }, { mId: ts301 }, { mId: ts302 }, { mId: wt101 }, { mId: wt102 }, { mId: wt201 }, { mId: wt303 }, { mId: wt304 }",,,,,,,,,,,
shared-102-distance-mutation-alarm-config,"{ mId: em410-rdl }, { mId: em500-udl }",,,,,,,,,,,
shared-104-pressure-calibration-settings,"{ mId: em500-co2 }, { mId: em500-pp }",,,,,,,,,,,
shared-105-temperature-mutation-alarm-config,"{ mId: em500-co2 }, { mId: em500-pt100 }, { mId: em500-smt }, { mId: em500-smtc }, { mId: ts101 }, { mId: ts201 }, { mId: ts201-v2 }, { mId: ts301-v2 }",,,,,,,,,,,
shared-106-alarm-release-enable,"{ mId: em500-co2 }, { mId: em500-lgt }, { mId: em500-pp }, { mId: em500-pt100 }, { mId: em500-smt }, { mId: em500-smtc }, { mId: em500-swl }, { mId: em500-udl }, { mId: ts201 }, { mId: ts201-v2 }, { mId: ts301-v2 }, { mId: ts302-v2 }",,,,,,,,,,,
shared-107-d2d-enable,"{ mId: em500-co2 }, { mId: em500-lgt }, { mId: em500-pp }, { mId: em500-pt100 }, { mId: em500-smt }, { mId: em500-smtc }, { mId: em500-swl }, { mId: em500-udl }, { mId: ts201-v2 }, { mId: ts301-v2 }, { mId: ts302-v2 }, { mId: vs121 }, { mId: vs321 }, { mId: vs340 }, { mId: vs341 }, { mId: vs350 }, { mId: vs351 }, { mId: vs360 }, { mId: vs370 }, { mId: vs373 }, { mId: ws203 }, { mId: ws303 }",,,,,,,,,,,
shared-108-illuminance-alarm-config,"{ mId: em500-lgt }, { mId: vs321 }",,,,,,,,,,,
shared-109-conductivity,"{ mId: em500-smt }, { mId: em500-smtc }",,,,,,,,,,,
shared-118-distance,"{ mId: em500-udl }, { mId: vs330 }",,,,,,,,,,,
shared-119-query-life-remain,"{ mId: gs101 }, { mId: gs301 }",,,,,,,,,,,
shared-120-led-indicator-enable,"{ mId: gs101 }, { mId: gs301 }, { mId: ts201-v2 }, { mId: vs340 }, { mId: vs341 }, { mId: vs360 }, { mId: vs373 }, { mId: ws101 }, { mId: ws203 }, { mId: ws302 }, { mId: ws515 }, { mId: ws525 }",,,,,,,,,,,
shared-121-alarm-config,"{ mId: gs301 }, { mId: ts301-v2 }, { mId: ts302-v2 }",,,,,,,,,,,
shared-122-frame,"{ mId: gs601 }, { mId: wt303 }, { mId: wt304 }",,,,,,,,,,,
shared-123-reporting-interval,"{ mId: gs601 }, { mId: ts601 }, { mId: ts602 }, { mId: ws101 }, { mId: wt303 }, { mId: wt304 }",,,,,,,,,,,
shared-124-temperature-unit,"{ mId: gs601 }, { mId: ts201-v2 }, { mId: ts601 }, { mId: ts602 }, { mId: wt102 }, { mId: wt201 }, { mId: wt201-v2 }, { mId: wt303 }, { mId: wt304 }",,,,,,,,,,,
shared-125-alarm-reporting-times,"{ mId: gs601 }, { mId: ts601 }, { mId: ts602 }",,,,,,,,,,,
shared-127-daylight-saving-time,"{ mId: gs601 }, { mId: ts601 }, { mId: ts602 }, { mId: wt102 }, { mId: wt303 }, { mId: wt304 }",,,,,,,,,,,
shared-128-reboot,"{ mId: gs601 }, { mId: vs121 }, { mId: ws101 }, { mId: ws302 }, { mId: wt303 }, { mId: wt304 }",,,,,,,,,,,
shared-130-reconnect,"{ mId: gs601 }, { mId: wt102 }, { mId: wt303 }, { mId: wt304 }",,,,,,,,,,,
shared-131-status,"{ mId: ts101 }, { mId: vs340 }, { mId: vs341 }, { mId: ws202 }, { mId: ws203 }, { mId: ws303 }, { mId: ws515 }, { mId: ws52x }, { mId: wt303 }, { mId: wt304 }",,,,,,,,,,,
shared-132-retransmit-config,"{ mId: ts201 }, { mId: ts201-v2 }, { mId: uc100-v2 }",,,,,,,,,,,
shared-133-fetch-sensor-id,"{ mId: ts201 }, { mId: ts201-v2 }, { mId: ts301-v2 }, { mId: ts302-v2 }",,,,,,,,,,,
shared-135-humidity-alarm-config,"{ mId: ts201-v2 }, { mId: ts301-v2 }, { mId: vs321 }",,,,,,,,,,,
shared-136-humidity-mutation-alarm-config,"{ mId: ts201-v2 }, { mId: ts301-v2 }",,,,,,,,,,,
shared-137-d2d-uplink-config,"{ mId: ts201-v2 }, { mId: ts301-v2 }, { mId: ts302-v2 }",,,,,,,,,,,
shared-140-temperature-1,"{ mId: ts301 }, { mId: ts302 }, { mId: wt101 }, { mId: wt102 }, { mId: wt201 }, { mId: wt303 }, { mId: wt304 }",,,,,,,,,,,
shared-141-shutdown,"{ mId: ts301-v2 }, { mId: ts302-v2 }",,,,,,,,,,,
shared-144-stop-historical-data-retrieval,"{ mId: ts301-v2 }, { mId: ts302-v2 }, { mId: ts601 }, { mId: ts602 }, { mId: wt102 }",,,,,,,,,,,
shared-150-dst-config,"{ mId: ts301-v2 }, { mId: ts302-v2 }, { mId: uc100-v2 }, { mId: vs370 }, { mId: wt101 }, { mId: wt201 }, { mId: wt201-v2 }",,,,,,,,,,,
shared-151-request-check-order,"{ mId: ts601 }, { mId: ts602 }, { mId: wt102 }",,,,,,,,,,,
shared-162-device-info,"{ mId: ts601 }, { mId: ts602 }",,,,,,,,,,,
shared-165-temperature,"{ mId: ts601 }, { mId: ts602 }, { mId: wt102 }, { mId: wt201-v2 }, { mId: wt303 }, { mId: wt304 }",,,,,,,,,,,
shared-166-humidity,"{ mId: ts601 }, { mId: ts602 }, { mId: wt201-v2 }, { mId: wt303 }, { mId: wt304 }",,,,,,,,,,,
shared-199-reset,"{ mId: ts601 }, { mId: ts602 }, { mId: vs321 }, { mId: wt102 }",,,,,,,,,,,
shared-209-modbus-channels,"{ mId: uc100 }, { mId: uc100-v2 }",,,,,,,,,,,
shared-212-confirm-mode-enable,"{ mId: uc100-v2 }, { mId: vs121 }, { mId: vs132 }, { mId: vs133 }, { mId: vs135 }, { mId: vs351 }, { mId: vs373 }",,,,,,,,,,,
shared-213-counter-1,"{ mId: uc1114 }, { mId: uc1122 }, { mId: uc1152 }, { mId: uc11xx }, { mId: uc50x }, { mId: uc51x }, { mId: vs132 }, { mId: vs133 }, { mId: vs135 }, { mId: vs350 }, { mId: vs351 }, { mId: vs360 }",,,,,,,,,,,
shared-215-adr-enable,"{ mId: vs121 }, { mId: vs132 }, { mId: vs133 }, { mId: vs135 }, { mId: vs321 }, { mId: vs351 }, { mId: vs373 }",,,,,,,,,,,
shared-216-rejoin-config,"{ mId: vs121 }, { mId: vs133 }, { mId: vs135 }, { mId: vs351 }, { mId: vs373 }",,,,,,,,,,,
shared-219-lorawan-version,"{ mId: vs121 }, { mId: vs351 }",,,,,,,,,,,
shared-222-counter-3,"{ mId: vs132 }, { mId: vs133 }, { mId: vs135 }, { mId: vs350 }, { mId: vs351 }, { mId: vs360 }",,,,,,,,,,,
shared-224-wifi-enable,"{ mId: vs132 }, { mId: vs133 }, { mId: vs135 }, { mId: vs373 }",,,,,,,,,,,
shared-225-periodic-report-enable,"{ mId: vs132 }, { mId: vs133 }, { mId: vs135 }",,,,,,,,,,,
shared-234-status-5,"{ mId: vs321 }, { mId: vs373 }, { mId: ws558 }",,,,,,,,,,,
shared-236-status-7,"{ mId: vs321 }, { mId: ws558 }",,,,,,,,,,,
shared-238-report-type,"{ mId: vs321 }, { mId: vs350 }, { mId: vs351 }, { mId: vs360 }",,,,,,,,,,,
shared-239-lora-port,"{ mId: vs321 }, { mId: vs351 }",,,,,,,,,,,
shared-240-vacancy-reporting-interval,"{ mId: vs340 }, { mId: vs341 }",,,,,,,,,,,
shared-244-reset-cumulative-enable,"{ mId: vs350 }, { mId: vs351 }, { mId: vs360 }",,,,,,,,,,,
shared-248-report-temperature-enable,"{ mId: vs350 }, { mId: vs351 }",,,,,,,,,,,
shared-251-reset-cumulative-schedule-config,"{ mId: vs351 }, { mId: vs360 }",,,,,,,,,,,
shared-252-d2d-slave-config,"{ mId: vs373 }, { mId: wt201 }, { mId: wt201-v2 }",,,,,,,,,,,
shared-253-voltage,"{ mId: ws515 }, { mId: ws525 }, { mId: ws558 }",,,,,,,,,,,
shared-255-powerfactor,"{ mId: ws515 }, { mId: ws525 }, { mId: ws52x }, { mId: ws558 }",,,,,,,,,,,
shared-256-energy,"{ mId: ws515 }, { mId: ws558 }",,,,,,,,,,,
shared-258-socket-status,"{ mId: ws515 }, { mId: ws525 }",,,,,,,,,,,
shared-261-child-lock-config,"{ mId: ws515 }, { mId: ws525 }, { mId: wt101 }, { mId: wt201 }, { mId: wt201-v2 }",,,,,,,,,,,
shared-264-delay-time,"{ mId: ws525 }, { mId: ws558 }",,,,,,,,,,,
shared-265-target-temperature,"{ mId: wt101 }, { mId: wt102 }, { mId: wt201 }, { mId: wt201-v2 }",,,,,,,,,,,
shared-266-freeze-protection-config,"{ mId: wt101 }, { mId: wt201 }, { mId: wt201-v2 }",,,,,,,,,,,
shared-268-outside-temperature,"{ mId: wt101 }, { mId: wt201 }",,,,,,,,,,,
shared-270-change-report-enable,"{ mId: wt101 }, { mId: wt102 }",,,,,,,,,,,
shared-271-temperature-source-settings,"{ mId: wt102 }, { mId: wt303 }, { mId: wt304 }",,,,,,,,,,,
shared-273-temperature-control-mode,"{ mId: wt201 }, { mId: wt201-v2 }, { mId: wt303 }, { mId: wt304 }",,,,,,,,,,,
shared-274-temperature-tolerance,"{ mId: wt201 }, { mId: wt201-v2 }",,,,,,,,,,,
shared-283-plan-config,"{ mId: wt201 }, { mId: wt303 }, { mId: wt304 }",,,,,,,,,,,
shared-293-system-status,"{ mId: wt201-v2 }, { mId: wt303 }, { mId: wt304 }",,,,,,,,,,,
shared-296-support-mode,"{ mId: wt303 }, { mId: wt304 }",,,,,,,,,,,
##objects,,,,,,,,,,,,
id,name,value,type,access_mode,value_type,precision,units,cov_increment,min_value,max_value,models,description
batteryLevel,BatteryLevel,0,number,R,FLOAT,1,%,,,,shared-001-batterylevel,BatteryLevel
temperature,Temperature,0,number,R,FLOAT,1,Cel,,,,shared-002-temperature,Temperature
humidity,Humidity,0,number,R,FLOAT,1,%RH,,,,shared-003-humidity,Humidity
reboot,Reboot,,number,W,UINT16,,,,,,shared-004-reboot,Reboot downlink command
report_interval,Report Interval,,number,W,UINT16,,,,,,common-report_interval,Report Interval downlink command
time_zone,Time Zone,,number,W,UINT16,,,,,,common-time_zone,Time Zone downlink command
timestamp,Timestamp,,number,W,UINT16,,,,,,shared-005-timestamp,Timestamp downlink command
time_sync_enable,Time Sync Enable,,boolean,W,BOOL,,,,,,shared-006-time-sync-enable,Time Sync Enable downlink command
report_schedule_config,Report Schedule Config,,number,W,UINT16,,,,,,shared-007-report-schedule-config,Report Schedule Config downlink command
clear_report_schedule,Clear Report Schedule,,boolean,W,BOOL,,,,,,shared-007-report-schedule-config,Clear Report Schedule downlink command
screen_display_enable,Screen Display Enable,,boolean,W,BOOL,,,,,,model-am102,Screen Display Enable downlink command
screen_display_time_enable,Screen Display Time Enable,,boolean,W,BOOL,,,,,,model-am102,Screen Display Time Enable downlink command
screen_intelligent_enable,Screen Intelligent Enable,,boolean,W,BOOL,,,,,,model-am102,Screen Intelligent Enable downlink command
screen_last_refresh_interval,Screen Last Refresh Interval,,number,W,UINT16,,,,,,model-am102,Screen Last Refresh Interval downlink command
screen_refresh_interval,Screen Refresh Interval,,number,W,UINT16,,,,,,model-am102,Screen Refresh Interval downlink command
led_indicator_mode,Led Indicator Mode,,number,W,UINT16,,,,,,shared-009-led-indicator-mode,Led Indicator Mode downlink command
hibernate_config,Hibernate Config,,number,W,UINT16,,,,,,shared-010-hibernate-config,Hibernate Config downlink command
reset_battery,Reset Battery,,boolean,W,BOOL,,,,,,shared-007-report-schedule-config,Reset Battery downlink command
temperature_alarm_config,Temperature Alarm Config,,boolean,W,BOOL,,,,,,shared-012-temperature-alarm-config,Temperature Alarm Config downlink command
retransmit_enable,Retransmit Enable,,boolean,W,BOOL,,,,,,shared-013-retransmit-enable,Retransmit Enable downlink command
retransmit_interval,Retransmit Interval,,number,W,UINT16,,,,,,shared-014-retransmit-interval,Retransmit Interval downlink command
resend_interval,Resend Interval,,number,W,UINT16,,,,,,common-history_enable,Resend Interval downlink command
history_enable,History Enable,,boolean,W,BOOL,,,,,,common-history_enable,History Enable downlink command
fetch_history,Fetch History,,number,W,UINT16,,,,,,common-fetch_history,Fetch History downlink command
stop_transmit,Stop Transmit,,number,W,UINT16,,,,,,common-stop_transmit,Stop Transmit downlink command
clear_history,Clear History,,boolean,W,BOOL,,,,,,shared-015-clear-history,Clear History downlink command
battery,Battery,0,number,R,FLOAT,1,,,,,shared-016-battery,Battery
temperature,Temperature,0,number,R,FLOAT,1,,,,,shared-017-temperature,Temperature
humidity,Humidity,0,number,R,FLOAT,1,,,,,shared-017-temperature,Humidity
co2,Co2,0,number,R,FLOAT,1,,,,,shared-017-temperature,Co2
co2Level,Co2Level,0,number,R,FLOAT,1,ppm,,,,shared-020-co2level,Co2Level
illumination,Illumination,0,number,R,FLOAT,1,,,,,shared-017-temperature,Illumination
pressure,Pressure,0,number,R,FLOAT,1,,,,,shared-017-temperature,Pressure
illuminance,Illuminance,0,number,R,FLOAT,1,lx,,,,shared-023-illuminance,Illuminance
batteryLevel,BatteryLevel,0,number,R,FLOAT,1,,,,,shared-024-batterylevel,BatteryLevel
pir,Pir,,string,R,STRING,,,,,,shared-024-batterylevel,Pir
tvoc,Tvoc,0,number,R,FLOAT,1,,,,,shared-024-batterylevel,Tvoc
hcho,Hcho,0,number,R,FLOAT,1,,,,,shared-024-batterylevel,Hcho
pm2_5,Pm2 5,0,number,R,FLOAT,1,,,,,shared-024-batterylevel,Pm2 5
pm10,Pm10,0,number,R,FLOAT,1,,,,,shared-024-batterylevel,Pm10
stop_buzzer,Stop Buzzer,,number,W,UINT16,,,,,,shared-030-stop-buzzer,Stop Buzzer downlink command
query_status,Query Status,,number,W,UINT16,,,,,,shared-030-stop-buzzer,Query Status downlink command
tvoc_unit,Tvoc Unit,,number,W,UINT16,,,,,,shared-030-stop-buzzer,Tvoc Unit downlink command
co2_abc_calibration_enable,Co2 Abc Calibration Enable,,boolean,W,BOOL,,,,,,shared-030-stop-buzzer,Co2 Abc Calibration Enable downlink command
co2_calibration_enable,Co2 Calibration Enable,,boolean,W,BOOL,,,,,,shared-030-stop-buzzer,Co2 Calibration Enable downlink command
co2_calibration_settings,Co2 Calibration Settings,,number,W,UINT16,,,,,,shared-035-co2-calibration-settings,Co2 Calibration Settings downlink command
buzzer_enable,Buzzer Enable,,boolean,W,BOOL,,,,,,shared-036-buzzer-enable,Buzzer Enable downlink command
child_lock_settings,Child Lock Settings,,number,W,UINT16,,,,,,shared-037-child-lock-settings,Child Lock Settings downlink command
light,Light,0,number,R,FLOAT,1,lx,,,,model-am308l,Light
concentration,Concentration,0,number,R,FLOAT,1,ppm,,,,model-am308l,Concentration
pressure,Pressure,0,number,R,FLOAT,1,hPa,,,,shared-038-pressure,Pressure
concentration:1,Concentration / 1,0,number,R,FLOAT,1,ug/m3,,,,shared-039-concentration-1,Concentration / 1
concentration:2,Concentration / 2,0,number,R,FLOAT,1,ug/m3,,,,shared-039-concentration-1,Concentration / 2
pm2_5_collection_interval,Pm2 5 Collection Interval,,number,W,UINT16,,,,,,model-am308l,Pm2 5 Collection Interval downlink command
rssi:1,Rssi / 1,0,number,R,FLOAT,1,dBm,,,,model-at101,Rssi / 1
rssi:2,Rssi / 2,0,number,R,FLOAT,1,dBm,,,,model-at101,Rssi / 2
rssi:3,Rssi / 3,0,number,R,FLOAT,1,dBm,,,,model-at101,Rssi / 3
rssi:4,Rssi / 4,0,number,R,FLOAT,1,dBm,,,,model-at101,Rssi / 4
rssi:5,Rssi / 5,0,number,R,FLOAT,1,dBm,,,,model-at101,Rssi / 5
report_status,Report Status,,number,W,UINT16,,,,,,common-report_status,Report Status downlink command
sync_time,Sync Time,,number,W,UINT16,,,,,,shared-041-sync-time,Sync Time downlink command
motion_report_interval,Motion Report Interval,,number,W,UINT16,,,,,,model-at101,Motion Report Interval downlink command
report_strategy,Report Strategy,,number,W,UINT16,,,,,,model-at101,Report Strategy downlink command
positioning_strategy,Positioning Strategy,,number,W,UINT16,,,,,,model-at101,Positioning Strategy downlink command
gnss_positioning_timeout,Gnss Positioning Timeout,,number,W,UINT16,,,,,,model-at101,Gnss Positioning Timeout downlink command
wifi_positioning_config,Wifi Positioning Config,,number,W,UINT16,,,,,,model-at101,Wifi Positioning Config downlink command
motion_detection_config,Motion Detection Config,,number,W,UINT16,,,,,,model-at101,Motion Detection Config downlink command
static_detection_config,Static Detection Config,,number,W,UINT16,,,,,,model-at101,Static Detection Config downlink command
motion_report_config,Motion Report Config,,number,W,UINT16,,,,,,model-at101,Motion Report Config downlink command
geofence_center_config,Geofence Center Config,,number,W,UINT16,,,,,,model-at101,Geofence Center Config downlink command
tamper_detection_enable,Tamper Detection Enable,,boolean,W,BOOL,,,,,,model-at101,Tamper Detection Enable downlink command
geofence_alarm_config,Geofence Alarm Config,,boolean,W,BOOL,,,,,,model-at101,Geofence Alarm Config downlink command
timed_report_config,Timed Report Config,,number,W,UINT16,,,,,,model-at101,Timed Report Config downlink command
bluetooth_enable,Bluetooth Enable,,boolean,W,BOOL,,,,,,shared-042-bluetooth-enable,Bluetooth Enable downlink command
charge,Charge,0,number,R,FLOAT,1,Ah,,,,shared-043-charge,Charge
current,Current,0,number,R,FLOAT,1,A,,,,shared-043-charge,Current
clear_current_cumulative,Clear Current Cumulative,,boolean,W,BOOL,,,,,,shared-045-clear-current-cumulative,Clear Current Cumulative downlink command
alarm_report_counts,Alarm Report Counts,,boolean,W,BOOL,,,,,,shared-046-alarm-report-counts,Alarm Report Counts downlink command
alarm_report_interval,Alarm Report Interval,,boolean,W,BOOL,,,,,,shared-047-alarm-report-interval,Alarm Report Interval downlink command
current_alarm_config,Current Alarm Config,,boolean,W,BOOL,,,,,,shared-048-current-alarm-config,Current Alarm Config downlink command
voltage,Voltage,,number,W,UINT16,,,,,,shared-049-voltage,Voltage downlink command
power_factor,Power Factor,,number,W,UINT16,,,,,,shared-049-voltage,Power Factor downlink command
reporting_type,Reporting Type,,number,W,UINT16,,,,,,shared-049-voltage,Reporting Type downlink command
current:1,Current / 1,0,number,R,FLOAT,1,A,,,,shared-052-current-1,Current / 1
current:2,Current / 2,0,number,R,FLOAT,1,A,,,,shared-052-current-1,Current / 2
current:3,Current / 3,0,number,R,FLOAT,1,A,,,,shared-052-current-1,Current / 3
current:4,Current / 4,0,number,R,FLOAT,1,A,,,,shared-052-current-1,Current / 4
status:1,Status / 1,false,boolean,R,BOOL,,state,,,,shared-056-status-1,Status / 1
status:2,Status / 2,false,boolean,R,BOOL,,state,,,,shared-057-status-2,Status / 2
status:3,Status / 3,false,boolean,R,BOOL,,state,,,,shared-058-status-3,Status / 3
status:4,Status / 4,false,boolean,R,BOOL,,state,,,,shared-059-status-4,Status / 4
clear_current_chn1_cumulative,Clear Current Chn1 Cumulative,,boolean,W,BOOL,,,,,,shared-060-clear-current-chn1-cumulative,Clear Current Chn1 Cumulative downlink command
clear_current_chn2_cumulative,Clear Current Chn2 Cumulative,,boolean,W,BOOL,,,,,,shared-060-clear-current-chn1-cumulative,Clear Current Chn2 Cumulative downlink command
clear_current_chn3_cumulative,Clear Current Chn3 Cumulative,,boolean,W,BOOL,,,,,,shared-060-clear-current-chn1-cumulative,Clear Current Chn3 Cumulative downlink command
current_chn1_alarm_config,Current Chn1 Alarm Config,,boolean,W,BOOL,,,,,,shared-060-clear-current-chn1-cumulative,Current Chn1 Alarm Config downlink command
current_chn2_alarm_config,Current Chn2 Alarm Config,,boolean,W,BOOL,,,,,,shared-060-clear-current-chn1-cumulative,Current Chn2 Alarm Config downlink command
current_chn3_alarm_config,Current Chn3 Alarm Config,,boolean,W,BOOL,,,,,,shared-060-clear-current-chn1-cumulative,Current Chn3 Alarm Config downlink command
template_1,Template 1,,number,W,UINT16,,,,,,model-ds3604,Template 1 downlink command
template_2,Template 2,,number,W,UINT16,,,,,,model-ds3604,Template 2 downlink command
current_template_id,Current Template Id,,number,W,UINT16,,,,,,model-ds3604,Current Template Id downlink command
beep,Beep,,number,W,UINT16,,,,,,model-ds3604,Beep downlink command
refresh_display,Refresh Display,,number,W,UINT16,,,,,,model-ds3604,Refresh Display downlink command
report_battery,Report Battery,,number,W,UINT16,,,,,,model-ds3604,Report Battery downlink command
report_buzzer,Report Buzzer,,number,W,UINT16,,,,,,model-ds3604,Report Buzzer downlink command
report_current_template_id,Report Current Template Id,,number,W,UINT16,,,,,,model-ds3604,Report Current Template Id downlink command
report_current_display,Report Current Display,,number,W,UINT16,,,,,,model-ds3604,Report Current Display downlink command
button_visible,Button Visible,,number,W,UINT16,,,,,,model-ds3604,Button Visible downlink command
button_enable,Button Enable,,boolean,W,BOOL,,,,,,model-ds3604,Button Enable downlink command
block_visible,Block Visible,,number,W,UINT16,,,,,,model-ds3604,Block Visible downlink command
clear_image,Clear Image,,boolean,W,BOOL,,,,,,model-ds3604,Clear Image downlink command
switch_template_button_enable,Switch Template Button Enable,,boolean,W,BOOL,,,,,,model-ds3604,Switch Template Button Enable downlink command
multicast_config,Multicast Config,,number,W,UINT16,,,,,,model-ds3604,Multicast Config downlink command
template_1_config,Template 1 Config,,number,W,UINT16,,,,,,model-ds3604,Template 1 Config downlink command
template_2_config,Template 2 Config,,number,W,UINT16,,,,,,model-ds3604,Template 2 Config downlink command
query_device_status,Query Device Status,,number,W,UINT16,,,,,,shared-066-query-device-status,Query Device Status downlink command
collection_interval,Collection Interval,,number,W,UINT16,,,,,,common-collection_interval,Collection Interval downlink command
temperature_alarm_settings,Temperature Alarm Settings,,boolean,W,BOOL,,,,,,shared-067-temperature-alarm-settings,Temperature Alarm Settings downlink command
clear_counter,Clear Counter,,boolean,W,BOOL,,,,,,shared-068-clear-counter,Clear Counter downlink command
stop_counter,Stop Counter,,number,W,UINT16,,,,,,shared-068-clear-counter,Stop Counter downlink command
start_counter,Start Counter,,number,W,UINT16,,,,,,shared-068-clear-counter,Start Counter downlink command
counter,Counter,,number,W,UINT16,,,,,,shared-068-clear-counter,Counter downlink command
water_flow_alarm_settings,Water Flow Alarm Settings,,boolean,W,BOOL,,,,,,shared-068-clear-counter,Water Flow Alarm Settings downlink command
water_flow_timeout_alarm_settings,Water Flow Timeout Alarm Settings,,boolean,W,BOOL,,,,,,shared-068-clear-counter,Water Flow Timeout Alarm Settings downlink command
water_outage_timeout_alarm_settings,Water Outage Timeout Alarm Settings,,boolean,W,BOOL,,,,,,shared-068-clear-counter,Water Outage Timeout Alarm Settings downlink command
pulse_conversion_settings,Pulse Conversion Settings,,number,W,UINT16,,,,,,shared-068-clear-counter,Pulse Conversion Settings downlink command
pulse_filter_enable,Pulse Filter Enable,,boolean,W,BOOL,,,,,,shared-068-clear-counter,Pulse Filter Enable downlink command
water_flow_determination,Water Flow Determination,,number,W,UINT16,,,,,,shared-068-clear-counter,Water Flow Determination downlink command
d2d_key,D2d Key,,number,W,UINT16,,,,,,shared-078-d2d-key,D2d Key downlink command
d2d_master_config,D2d Master Config,,number,W,UINT16,,,,,,shared-079-d2d-master-config,D2d Master Config downlink command
gpio_mode,Gpio Mode,,number,W,UINT16,,,,,,shared-068-clear-counter,Gpio Mode downlink command
magnet_alarm_config,Magnet Alarm Config,,boolean,W,BOOL,,,,,,model-em300-mcs,Magnet Alarm Config downlink command
temperature_calibration_settings,Temperature Calibration Settings,,number,W,UINT16,,,,,,shared-081-temperature-calibration-settings,Temperature Calibration Settings downlink command
humidity_calibration_settings,Humidity Calibration Settings,,number,W,UINT16,,,,,,shared-082-humidity-calibration-settings,Humidity Calibration Settings downlink command
leakage_alarm_config,Leakage Alarm Config,,boolean,W,BOOL,,,,,,shared-083-leakage-alarm-config,Leakage Alarm Config downlink command
angle_x_alarm_config,Angle X Alarm Config,,boolean,W,BOOL,,,,,,shared-084-angle-x-alarm-config,Angle X Alarm Config downlink command
angle_y_alarm_config,Angle Y Alarm Config,,boolean,W,BOOL,,,,,,shared-084-angle-x-alarm-config,Angle Y Alarm Config downlink command
angle_z_alarm_config,Angle Z Alarm Config,,boolean,W,BOOL,,,,,,shared-084-angle-x-alarm-config,Angle Z Alarm Config downlink command
angle_alarm_condition,Angle Alarm Condition,,boolean,W,BOOL,,,,,,shared-084-angle-x-alarm-config,Angle Alarm Condition downlink command
initial_surface,Initial Surface,,number,W,UINT16,,,,,,shared-084-angle-x-alarm-config,Initial Surface downlink command
distance,Distance,0,number,R,FLOAT,1,cm,,,,shared-089-distance,Distance
distance_alarm_config,Distance Alarm Config,,boolean,W,BOOL,,,,,,shared-090-distance-alarm-config,Distance Alarm Config downlink command
distance,Distance,0,number,R,FLOAT,1,mm,,,,shared-091-distance,Distance
people_existing_height,People Existing Height,,number,W,UINT16,,,,,,shared-092-people-existing-height,People Existing Height downlink command
install_height,Install Height,,number,W,UINT16,,,,,,shared-093-install-height,Install Height downlink command
install_height_enable,Install Height Enable,,boolean,W,BOOL,,,,,,shared-092-people-existing-height,Install Height Enable downlink command
working_mode,Working Mode,,number,W,UINT16,,,,,,shared-092-people-existing-height,Working Mode downlink command
tilt_linkage_distance_enable,Tilt Linkage Distance Enable,,boolean,W,BOOL,,,,,,shared-092-people-existing-height,Tilt Linkage Distance Enable downlink command
tof_detection_enable,Tof Detection Enable,,boolean,W,BOOL,,,,,,shared-092-people-existing-height,Tof Detection Enable downlink command
standard_mode_alarm_config,Standard Mode Alarm Config,,boolean,W,BOOL,,,,,,shared-092-people-existing-height,Standard Mode Alarm Config downlink command
bin_mode_alarm_config,Bin Mode Alarm Config,,boolean,W,BOOL,,,,,,shared-093-install-height,Bin Mode Alarm Config downlink command
recollection_config,Recollection Config,,number,W,UINT16,,,,,,shared-100-recollection-config,Recollection Config downlink command
distance:3,Distance / 3,0,number,R,FLOAT,1,mm,,,,model-em410-rdl,Distance / 3
temperature:2,Temperature / 2,0,number,R,FLOAT,1,Cel,,,,shared-101-temperature-2,Temperature / 2
distance_range,Distance Range,,number,W,UINT16,,,,,,model-em410-rdl,Distance Range downlink command
distance_mutation_alarm_config,Distance Mutation Alarm Config,,boolean,W,BOOL,,,,,,shared-102-distance-mutation-alarm-config,Distance Mutation Alarm Config downlink command
tank_mode_distance_alarm_config,Tank Mode Distance Alarm Config,,boolean,W,BOOL,,,,,,model-em410-rdl,Tank Mode Distance Alarm Config downlink command
tank_mode_distance_mutation_alarm_config,Tank Mode Distance Mutation Alarm Config,,boolean,W,BOOL,,,,,,model-em410-rdl,Tank Mode Distance Mutation Alarm Config downlink command
alarm_counts,Alarm Counts,,boolean,W,BOOL,,,,,,model-em410-rdl,Alarm Counts downlink command
radar_calibration,Radar Calibration,,number,W,UINT16,,,,,,model-em410-rdl,Radar Calibration downlink command
radar_blind_calibration,Radar Blind Calibration,,number,W,UINT16,,,,,,model-em410-rdl,Radar Blind Calibration downlink command
distance_calibration_settings,Distance Calibration Settings,,number,W,UINT16,,,,,,shared-102-distance-mutation-alarm-config,Distance Calibration Settings downlink command
distance_mode,Distance Mode,,number,W,UINT16,,,,,,model-em410-rdl,Distance Mode downlink command
blind_detection_enable,Blind Detection Enable,,boolean,W,BOOL,,,,,,model-em410-rdl,Blind Detection Enable downlink command
signal_quality,Signal Quality,,number,W,UINT16,,,,,,model-em410-rdl,Signal Quality downlink command
distance_threshold_sensitive,Distance Threshold Sensitive,,number,W,UINT16,,,,,,model-em410-rdl,Distance Threshold Sensitive downlink command
peak_sorting,Peak Sorting,,number,W,UINT16,,,,,,model-em410-rdl,Peak Sorting downlink command
tilt_distance_link,Tilt Distance Link,,number,W,UINT16,,,,,,model-em410-rdl,Tilt Distance Link downlink command
co2_calibration_config,Co2 Calibration Config,,number,W,UINT16,,,,,,model-em500-co2,Co2 Calibration Config downlink command
co2_abc_calibration_schedule,Co2 Abc Calibration Schedule,,number,W,UINT16,,,,,,model-em500-co2,Co2 Abc Calibration Schedule downlink command
pressure_calibration_settings,Pressure Calibration Settings,,number,W,UINT16,,,,,,shared-104-pressure-calibration-settings,Pressure Calibration Settings downlink command
altitude_calibration_settings,Altitude Calibration Settings,,number,W,UINT16,,,,,,model-em500-co2,Altitude Calibration Settings downlink command
sensor_function_config,Sensor Function Config,,number,W,UINT16,,,,,,model-em500-co2,Sensor Function Config downlink command
co2_alarm_config,Co2 Alarm Config,,boolean,W,BOOL,,,,,,model-em500-co2,Co2 Alarm Config downlink command
temperature_mutation_alarm_config,Temperature Mutation Alarm Config,,boolean,W,BOOL,,,,,,shared-105-temperature-mutation-alarm-config,Temperature Mutation Alarm Config downlink command
alarm_release_enable,Alarm Release Enable,,boolean,W,BOOL,,,,,,shared-106-alarm-release-enable,Alarm Release Enable downlink command
d2d_enable,D2d Enable,,boolean,W,BOOL,,,,,,shared-107-d2d-enable,D2d Enable downlink command
illuminance_alarm_config,Illuminance Alarm Config,,boolean,W,BOOL,,,,,,shared-108-illuminance-alarm-config,Illuminance Alarm Config downlink command
illuminance_calibration_settings,Illuminance Calibration Settings,,number,W,UINT16,,,,,,model-em500-lgt,Illuminance Calibration Settings downlink command
pressure_alarm_config,Pressure Alarm Config,,boolean,W,BOOL,,,,,,model-em500-pp,Pressure Alarm Config downlink command
conductivity,Conductivity,0,number,R,FLOAT,1,uS/cm,,,,shared-109-conductivity,Conductivity
sensor_all_enable,Sensor All Enable,,boolean,W,BOOL,,,,,,shared-109-conductivity,Sensor All Enable downlink command
sensor_temperature_enable,Sensor Temperature Enable,,boolean,W,BOOL,,,,,,shared-109-conductivity,Sensor Temperature Enable downlink command
sensor_moisture_enable,Sensor Moisture Enable,,boolean,W,BOOL,,,,,,shared-109-conductivity,Sensor Moisture Enable downlink command
sensor_electricity_enable,Sensor Electricity Enable,,boolean,W,BOOL,,,,,,shared-109-conductivity,Sensor Electricity Enable downlink command
electricity_alarm_config,Electricity Alarm Config,,boolean,W,BOOL,,,,,,shared-109-conductivity,Electricity Alarm Config downlink command
moisture_alarm_config,Moisture Alarm Config,,boolean,W,BOOL,,,,,,shared-109-conductivity,Moisture Alarm Config downlink command
moisture_calibration_settings,Moisture Calibration Settings,,number,W,UINT16,,,,,,shared-109-conductivity,Moisture Calibration Settings downlink command
electricity_calibration_settings,Electricity Calibration Settings,,number,W,UINT16,,,,,,shared-109-conductivity,Electricity Calibration Settings downlink command
depth_alarm_config,Depth Alarm Config,,boolean,W,BOOL,,,,,,model-em500-swl,Depth Alarm Config downlink command
depth_calibration_settings,Depth Calibration Settings,,number,W,UINT16,,,,,,model-em500-swl,Depth Calibration Settings downlink command
distance,Distance,0,number,R,FLOAT,1,m,,,,shared-118-distance,Distance
duration,Duration,0,number,R,FLOAT,1,s,,,,model-gs101,Duration
relay_output_status,Relay Output Status,,number,W,UINT16,,,,,,model-gs101,Relay Output Status downlink command
valve_status,Valve Status,,number,W,UINT16,,,,,,model-gs101,Valve Status downlink command
query_life_remain,Query Life Remain,,number,W,UINT16,,,,,,shared-119-query-life-remain,Query Life Remain downlink command
stop_buzzer_with_silent_time,Stop Buzzer With Silent Time,,number,W,UINT16,,,,,,model-gs101,Stop Buzzer With Silent Time downlink command
led_indicator_enable,Led Indicator Enable,,boolean,W,BOOL,,,,,,shared-120-led-indicator-enable,Led Indicator Enable downlink command
clear_alarm,Clear Alarm,,boolean,W,BOOL,,,,,,model-gs101,Clear Alarm downlink command
calibration_request,Calibration Request,,number,W,UINT16,,,,,,model-gs101,Calibration Request downlink command
concentration:1,Concentration / 1,0,number,R,FLOAT,1,ppm,,,,model-gs301,Concentration / 1
concentration:2,Concentration / 2,0,number,R,FLOAT,1,ppm,,,,model-gs301,Concentration / 2
threshold_report_interval,Threshold Report Interval,,number,W,UINT16,,,,,,model-gs301,Threshold Report Interval downlink command
nh3_calibration_settings,Nh3 Calibration Settings,,number,W,UINT16,,,,,,model-gs301,Nh3 Calibration Settings downlink command
h2s_calibration_settings,H2s Calibration Settings,,number,W,UINT16,,,,,,model-gs301,H2s Calibration Settings downlink command
alarm_config,Alarm Config,,boolean,W,BOOL,,,,,,shared-121-alarm-config,Alarm Config downlink command
concentration:3,Concentration / 3,0,number,R,FLOAT,1,ug/m3,,,,model-gs601,Concentration / 3
concentration:4,Concentration / 4,0,number,R,FLOAT,1,ug/m3,,,,model-gs601,Concentration / 4
frame,Frame,,number,W,UINT16,,,,,,shared-122-frame,Frame downlink command
reporting_interval,Reporting Interval,,number,W,UINT16,,,,,,shared-123-reporting-interval,Reporting Interval downlink command
temperature_unit,Temperature Unit,,number,W,UINT16,,,,,,shared-124-temperature-unit,Temperature Unit downlink command
led_status,Led Status,,number,W,UINT16,,,,,,model-gs601,Led Status downlink command
buzzer_sleep,Buzzer Sleep,,number,W,UINT16,,,,,,model-gs601,Buzzer Sleep downlink command
item_1,Item 1,,number,W,UINT16,,,,,,model-gs601,Item 1 downlink command
item_2,Item 2,,number,W,UINT16,,,,,,model-gs601,Item 2 downlink command
buzzer_button_stop_enable,Buzzer Button Stop Enable,,boolean,W,BOOL,,,,,,model-gs601,Buzzer Button Stop Enable downlink command
buzzer_silent_time,Buzzer Silent Time,,number,W,UINT16,,,,,,model-gs601,Buzzer Silent Time downlink command
tamper_alarm_enable,Tamper Alarm Enable,,boolean,W,BOOL,,,,,,model-gs601,Tamper Alarm Enable downlink command
tvoc_raw_reporting_enable,Tvoc Raw Reporting Enable,,boolean,W,BOOL,,,,,,model-gs601,Tvoc Raw Reporting Enable downlink command
pm1_0_alarm_settings,Pm1 0 Alarm Settings,,boolean,W,BOOL,,,,,,model-gs601,Pm1 0 Alarm Settings downlink command
pm2_5_alarm_settings,Pm2 5 Alarm Settings,,boolean,W,BOOL,,,,,,model-gs601,Pm2 5 Alarm Settings downlink command
pm10_alarm_settings,Pm10 Alarm Settings,,boolean,W,BOOL,,,,,,model-gs601,Pm10 Alarm Settings downlink command
tvoc_alarm_settings,Tvoc Alarm Settings,,boolean,W,BOOL,,,,,,model-gs601,Tvoc Alarm Settings downlink command
vaping_index_alarm_settings,Vaping Index Alarm Settings,,boolean,W,BOOL,,,,,,model-gs601,Vaping Index Alarm Settings downlink command
alarm_reporting_times,Alarm Reporting Times,,boolean,W,BOOL,,,,,,shared-125-alarm-reporting-times,Alarm Reporting Times downlink command
alarm_deactivation_enable,Alarm Deactivation Enable,,boolean,W,BOOL,,,,,,shared-125-alarm-reporting-times,Alarm Deactivation Enable downlink command
pm1_0_calibration_settings,Pm1 0 Calibration Settings,,number,W,UINT16,,,,,,model-gs601,Pm1 0 Calibration Settings downlink command
pm2_5_calibration_settings,Pm2 5 Calibration Settings,,number,W,UINT16,,,,,,model-gs601,Pm2 5 Calibration Settings downlink command
pm10_calibration_settings,Pm10 Calibration Settings,,number,W,UINT16,,,,,,model-gs601,Pm10 Calibration Settings downlink command
tvoc_calibration_settings,Tvoc Calibration Settings,,number,W,UINT16,,,,,,model-gs601,Tvoc Calibration Settings downlink command
vaping_index_calibration_settings,Vaping Index Calibration Settings,,number,W,UINT16,,,,,,model-gs601,Vaping Index Calibration Settings downlink command
daylight_saving_time,Daylight Saving Time,,number,W,UINT16,,,,,,shared-127-daylight-saving-time,Daylight Saving Time downlink command
reboot,Reboot,,string,W,STRING,,,,,,shared-128-reboot,Reboot downlink command
synchronize_time,Synchronize Time,,number,W,UINT16,,,,,,shared-127-daylight-saving-time,Synchronize Time downlink command
reconnect,Reconnect,,number,W,UINT16,,,,,,shared-130-reconnect,Reconnect downlink command
stop_buzzer_alarm,Stop Buzzer Alarm,,boolean,W,BOOL,,,,,,model-gs601,Stop Buzzer Alarm downlink command
execute_tvoc_self_clean,Execute Tvoc Self Clean,,number,W,UINT16,,,,,,model-gs601,Execute Tvoc Self Clean downlink command
status,Status,false,boolean,R,BOOL,,state,,,,shared-131-status,Status
retransmit_config,Retransmit Config,,number,W,UINT16,,,,,,shared-132-retransmit-config,Retransmit Config downlink command
fetch_sensor_id,Fetch Sensor Id,,number,W,UINT16,,,,,,shared-133-fetch-sensor-id,Fetch Sensor Id downlink command
ack_retry_times,Ack Retry Times,,number,W,UINT16,,,,,,shared-133-fetch-sensor-id,Ack Retry Times downlink command
humidity_alarm_config,Humidity Alarm Config,,boolean,W,BOOL,,,,,,shared-135-humidity-alarm-config,Humidity Alarm Config downlink command
humidity_mutation_alarm_config,Humidity Mutation Alarm Config,,boolean,W,BOOL,,,,,,shared-136-humidity-mutation-alarm-config,Humidity Mutation Alarm Config downlink command
d2d_uplink_config,D2d Uplink Config,,number,W,UINT16,,,,,,shared-137-d2d-uplink-config,D2d Uplink Config downlink command
button_lock_config,Button Lock Config,,number,W,UINT16,,,,,,shared-137-d2d-uplink-config,Button Lock Config downlink command
query_config,Query Config,,number,W,UINT16,,,,,,shared-137-d2d-uplink-config,Query Config downlink command
temperature:1,Temperature / 1,0,number,R,FLOAT,1,Cel,,,,shared-140-temperature-1,Temperature / 1
shutdown,Shutdown,,number,W,UINT16,,,,,,shared-141-shutdown,Shutdown downlink command
retrieval_historical_data_by_time,Retrieval Historical Data By Time,,number,W,UINT16,,,,,,shared-141-shutdown,Retrieval Historical Data By Time downlink command
retrieval_historical_data_by_time_range,Retrieval Historical Data By Time Range,,number,W,UINT16,,,,,,shared-141-shutdown,Retrieval Historical Data By Time Range downlink command
stop_historical_data_retrieval,Stop Historical Data Retrieval,,number,W,UINT16,,,,,,shared-144-stop-historical-data-retrieval,Stop Historical Data Retrieval downlink command
time_display,Time Display,,number,W,UINT16,,,,,,shared-141-shutdown,Time Display downlink command
temperature_unit_display,Temperature Unit Display,,number,W,UINT16,,,,,,shared-141-shutdown,Temperature Unit Display downlink command
display_mode,Display Mode,,number,W,UINT16,,,,,,shared-141-shutdown,Display Mode downlink command
magnet_throttle,Magnet Throttle,,number,W,UINT16,,,,,,shared-141-shutdown,Magnet Throttle downlink command
magnet_delay_time,Magnet Delay Time,,number,W,UINT16,,,,,,shared-141-shutdown,Magnet Delay Time downlink command
dst_config,Dst Config,,number,W,UINT16,,,,,,shared-150-dst-config,Dst Config downlink command
temperature_chn1_calibration_settings,Temperature Chn1 Calibration Settings,,number,W,UINT16,,,,,,model-ts302-v2,Temperature Chn1 Calibration Settings downlink command
temperature_chn2_calibration_settings,Temperature Chn2 Calibration Settings,,number,W,UINT16,,,,,,model-ts302-v2,Temperature Chn2 Calibration Settings downlink command
humidity_chn1_calibration_settings,Humidity Chn1 Calibration Settings,,number,W,UINT16,,,,,,model-ts302-v2,Humidity Chn1 Calibration Settings downlink command
humidity_chn2_calibration_settings,Humidity Chn2 Calibration Settings,,number,W,UINT16,,,,,,model-ts302-v2,Humidity Chn2 Calibration Settings downlink command
temperature_chn1_alarm_config,Temperature Chn1 Alarm Config,,boolean,W,BOOL,,,,,,model-ts302-v2,Temperature Chn1 Alarm Config downlink command
temperature_chn2_alarm_config,Temperature Chn2 Alarm Config,,boolean,W,BOOL,,,,,,model-ts302-v2,Temperature Chn2 Alarm Config downlink command
temperature_chn1_mutation_alarm_config,Temperature Chn1 Mutation Alarm Config,,boolean,W,BOOL,,,,,,model-ts302-v2,Temperature Chn1 Mutation Alarm Config downlink command
temperature_chn2_mutation_alarm_config,Temperature Chn2 Mutation Alarm Config,,boolean,W,BOOL,,,,,,model-ts302-v2,Temperature Chn2 Mutation Alarm Config downlink command
humidity_chn1_alarm_config,Humidity Chn1 Alarm Config,,boolean,W,BOOL,,,,,,model-ts302-v2,Humidity Chn1 Alarm Config downlink command
humidity_chn2_alarm_config,Humidity Chn2 Alarm Config,,boolean,W,BOOL,,,,,,model-ts302-v2,Humidity Chn2 Alarm Config downlink command
humidity_chn1_mutation_alarm_config,Humidity Chn1 Mutation Alarm Config,,boolean,W,BOOL,,,,,,model-ts302-v2,Humidity Chn1 Mutation Alarm Config downlink command
humidity_chn2_mutation_alarm_config,Humidity Chn2 Mutation Alarm Config,,boolean,W,BOOL,,,,,,model-ts302-v2,Humidity Chn2 Mutation Alarm Config downlink command
request_check_order,Request Check Order,,number,W,UINT16,,,,,,shared-151-request-check-order,Request Check Order downlink command
req,Req,,number,W,UINT16,,,,,,shared-151-request-check-order,Req downlink command
request_query_all_configurations,Request Query All Configurations,,number,W,UINT16,,,,,,shared-151-request-check-order,Request Query All Configurations downlink command
history,History,,number,W,UINT16,,,,,,shared-151-request-check-order,History downlink command
product_name,Product Name,,number,W,UINT16,,,,,,shared-151-request-check-order,Product Name downlink command
product_pn,Product Pn,,number,W,UINT16,,,,,,shared-151-request-check-order,Product Pn downlink command
product_sn,Product Sn,,number,W,UINT16,,,,,,shared-151-request-check-order,Product Sn downlink command
oem_id,Oem Id,,number,W,UINT16,,,,,,shared-151-request-check-order,Oem Id downlink command
random_key,Random Key,,number,W,UINT16,,,,,,shared-151-request-check-order,Random Key downlink command
device_status,Device Status,,number,W,UINT16,,,,,,shared-151-request-check-order,Device Status downlink command
product_frequency_band,Product Frequency Band,,number,W,UINT16,,,,,,shared-151-request-check-order,Product Frequency Band downlink command
device_info,Device Info,,number,W,UINT16,,,,,,shared-162-device-info,Device Info downlink command
battery,Battery,,number,W,UINT16,,,,,,shared-151-request-check-order,Battery downlink command
sensor_id,Sensor Id,,number,W,UINT16,,,,,,shared-162-device-info,Sensor Id downlink command
temperature,Temperature,,number,W,UINT16,,,,,,shared-165-temperature,Temperature downlink command
humidity,Humidity,,number,W,UINT16,,,,,,shared-166-humidity,Humidity downlink command
base_station_position,Base Station Position,,number,W,UINT16,,,,,,shared-162-device-info,Base Station Position downlink command
airplane_mode_state,Airplane Mode State,,number,W,UINT16,,,,,,shared-162-device-info,Airplane Mode State downlink command
temperature_alarm_types,Temperature Alarm Types,,boolean,W,BOOL,,,,,,shared-162-device-info,Temperature Alarm Types downlink command
battery_alarm,Battery Alarm,,boolean,W,BOOL,,,,,,shared-162-device-info,Battery Alarm downlink command
temperature_alarm,Temperature Alarm,,boolean,W,BOOL,,,,,,shared-151-request-check-order,Temperature Alarm downlink command
humidity_alarm_types,Humidity Alarm Types,,boolean,W,BOOL,,,,,,shared-162-device-info,Humidity Alarm Types downlink command
humidity_alarm,Humidity Alarm,,boolean,W,BOOL,,,,,,shared-162-device-info,Humidity Alarm downlink command
tilt_alarm_types,Tilt Alarm Types,,boolean,W,BOOL,,,,,,shared-162-device-info,Tilt Alarm Types downlink command
tilt_alarm,Tilt Alarm,,boolean,W,BOOL,,,,,,shared-162-device-info,Tilt Alarm downlink command
light_alarm_types,Light Alarm Types,,boolean,W,BOOL,,,,,,shared-162-device-info,Light Alarm Types downlink command
light_alarm,Light Alarm,,boolean,W,BOOL,,,,,,shared-162-device-info,Light Alarm downlink command
probe_connect_status,Probe Connect Status,,number,W,UINT16,,,,,,shared-162-device-info,Probe Connect Status downlink command
relative_surface_info,Relative Surface Info,,number,W,UINT16,,,,,,shared-162-device-info,Relative Surface Info downlink command
report_package_type,Report Package Type,,number,W,UINT16,,,,,,shared-162-device-info,Report Package Type downlink command
debugging_commands,Debugging Commands,,number,W,UINT16,,,,,,shared-162-device-info,Debugging Commands downlink command
cumulative_times,Cumulative Times,,number,W,UINT16,,,,,,shared-162-device-info,Cumulative Times downlink command
auto_p_enable,Auto P Enable,,boolean,W,BOOL,,,,,,shared-151-request-check-order,Auto P Enable downlink command
base_station_position_enable,Base Station Position Enable,,boolean,W,BOOL,,,,,,shared-162-device-info,Base Station Position Enable downlink command
base_station_position_auth_token,Base Station Position Auth Token,,number,W,UINT16,,,,,,shared-162-device-info,Base Station Position Auth Token downlink command
airplane_mode_time_period_settings,Airplane Mode Time Period Settings,,number,W,UINT16,,,,,,shared-162-device-info,Airplane Mode Time Period Settings downlink command
data_storage_settings,Data Storage Settings,,number,W,UINT16,,,,,,shared-151-request-check-order,Data Storage Settings downlink command
button_lock,Button Lock,,number,W,UINT16,,,,,,shared-162-device-info,Button Lock downlink command
temperature_mutation_alarm_settings,Temperature Mutation Alarm Settings,,boolean,W,BOOL,,,,,,shared-162-device-info,Temperature Mutation Alarm Settings downlink command
humidity_alarm_settings,Humidity Alarm Settings,,boolean,W,BOOL,,,,,,shared-162-device-info,Humidity Alarm Settings downlink command
humidity_mutation_alarm_settings,Humidity Mutation Alarm Settings,,boolean,W,BOOL,,,,,,shared-162-device-info,Humidity Mutation Alarm Settings downlink command
light_collection_interval,Light Collection Interval,,number,W,UINT16,,,,,,shared-162-device-info,Light Collection Interval downlink command
light_alarm_settings,Light Alarm Settings,,boolean,W,BOOL,,,,,,shared-162-device-info,Light Alarm Settings downlink command
light_tolerance_value,Light Tolerance Value,,number,W,UINT16,,,,,,shared-162-device-info,Light Tolerance Value downlink command
tilt_alarm_settings,Tilt Alarm Settings,,boolean,W,BOOL,,,,,,shared-162-device-info,Tilt Alarm Settings downlink command
falling_alarm_settings,Falling Alarm Settings,,boolean,W,BOOL,,,,,,shared-162-device-info,Falling Alarm Settings downlink command
falling_threshold_alarm_settings,Falling Threshold Alarm Settings,,boolean,W,BOOL,,,,,,shared-162-device-info,Falling Threshold Alarm Settings downlink command
probe_id_retransmit_count,Probe Id Retransmit Count,,number,W,UINT16,,,,,,shared-162-device-info,Probe Id Retransmit Count downlink command
reset,Reset,,boolean,W,BOOL,,,,,,shared-199-reset,Reset downlink command
clear_historical_data,Clear Historical Data,,boolean,W,BOOL,,,,,,shared-151-request-check-order,Clear Historical Data downlink command
retrieve_historical_data_by_time,Retrieve Historical Data By Time,,number,W,UINT16,,,,,,shared-151-request-check-order,Retrieve Historical Data By Time downlink command
retrieve_historical_data_by_time_range,Retrieve Historical Data By Time Range,,number,W,UINT16,,,,,,shared-151-request-check-order,Retrieve Historical Data By Time Range downlink command
set_time,Set Time,,number,W,UINT16,,,,,,shared-151-request-check-order,Set Time downlink command
clear_alarm_item,Clear Alarm Item,,boolean,W,BOOL,,,,,,shared-162-device-info,Clear Alarm Item downlink command
set_zero_calibration,Set Zero Calibration,,number,W,UINT16,,,,,,shared-162-device-info,Set Zero Calibration downlink command
set_retrieval_initial_surface,Set Retrieval Initial Surface,,number,W,UINT16,,,,,,shared-162-device-info,Set Retrieval Initial Surface downlink command
get_sensor_id,Get Sensor Id,,number,W,UINT16,,,,,,shared-162-device-info,Get Sensor Id downlink command
cellular_settings,Cellular Settings,,number,W,UINT16,,,,,,shared-162-device-info,Cellular Settings downlink command
temperature_humidity_display_switch,Temperature Humidity Display Switch,,number,W,UINT16,,,,,,model-ts602,Temperature Humidity Display Switch downlink command
modbus_channels,Modbus Channels,,number,W,UINT16,,,,,,shared-209-modbus-channels,Modbus Channels downlink command
modbus_channels_name,Modbus Channels Name,,number,W,UINT16,,,,,,shared-209-modbus-channels,Modbus Channels Name downlink command
remove_modbus_channels,Remove Modbus Channels,,number,W,UINT16,,,,,,shared-209-modbus-channels,Remove Modbus Channels downlink command
confirm_mode_enable,Confirm Mode Enable,,boolean,W,BOOL,,,,,,shared-212-confirm-mode-enable,Confirm Mode Enable downlink command
modbus_serial_port_config,Modbus Serial Port Config,,number,W,UINT16,,,,,,model-uc100-v2,Modbus Serial Port Config downlink command
modbus_config,Modbus Config,,number,W,UINT16,,,,,,model-uc100-v2,Modbus Config downlink command
query_modbus_serial_port_config,Query Modbus Serial Port Config,,number,W,UINT16,,,,,,model-uc100-v2,Query Modbus Serial Port Config downlink command
query_modbus_config,Query Modbus Config,,number,W,UINT16,,,,,,model-uc100-v2,Query Modbus Config downlink command
batch_enable_rules,Batch Enable Rules,,boolean,W,BOOL,,,,,,model-uc100-v2,Batch Enable Rules downlink command
batch_disable_rules,Batch Disable Rules,,boolean,W,BOOL,,,,,,model-uc100-v2,Batch Disable Rules downlink command
batch_remove_rules,Batch Remove Rules,,number,W,UINT16,,,,,,model-uc100-v2,Batch Remove Rules downlink command
query_rule_config,Query Rule Config,,number,W,UINT16,,,,,,model-uc100-v2,Query Rule Config downlink command
rule_config,Rule Config,,number,W,UINT16,,,,,,model-uc100-v2,Rule Config downlink command
counter:1,Counter / 1,0,number,R,FLOAT,1,count,,,,shared-213-counter-1,Counter / 1
counter:2,Counter / 2,0,number,R,FLOAT,1,count,,,,shared-213-counter-1,Counter / 2
rejoin,Rejoin,,number,W,UINT16,,,,,,model-uc300,Rejoin downlink command
jitter_config,Jitter Config,,number,W,UINT16,,,,,,model-uc300,Jitter Config downlink command
gpio_output_1_control,Gpio Output 1 Control,,number,W,UINT16,,,,,,model-uc300,Gpio Output 1 Control downlink command
gpio_output_2_control,Gpio Output 2 Control,,number,W,UINT16,,,,,,model-uc300,Gpio Output 2 Control downlink command
gpio_output_1,Gpio Output 1,,number,W,UINT16,,,,,,model-uc300,Gpio Output 1 downlink command
gpio_output_2,Gpio Output 2,,number,W,UINT16,,,,,,model-uc300,Gpio Output 2 downlink command
endFlag,EndFlag,0,number,R,FLOAT,1,,,,,model-uc3xxx,EndFlag
length,Length,0,number,R,FLOAT,1,,,,,model-uc3xxx,Length
mobileSignal,MobileSignal,0,number,R,FLOAT,1,,,,,model-uc3xxx,MobileSignal
startFlag,StartFlag,0,number,R,FLOAT,1,,,,,model-uc3xxx,StartFlag
timestamp,Timestamp,0,number,R,FLOAT,1,,,,,model-uc3xxx,Timestamp
type,Type,0,number,R,FLOAT,1,,,,,model-uc3xxx,Type
version,Version,0,number,R,FLOAT,1,,,,,model-uc3xxx,Version
gpio1,Gpio1,,string,R,STRING,,,,,,model-uc50x,Gpio1
gpio2,Gpio2,,string,R,STRING,,,,,,model-uc50x,Gpio2
counter1,Counter1,0,number,R,FLOAT,1,,,,,model-uc50x,Counter1
counter2,Counter2,0,number,R,FLOAT,1,,,,,model-uc50x,Counter2
adc1:cur,Adc1 / Cur,0,number,R,FLOAT,1,,,,,model-uc50x,Adc1 / Cur
adc1:min,Adc1 / Min,0,number,R,FLOAT,1,,,,,model-uc50x,Adc1 / Min
adc1:max,Adc1 / Max,0,number,R,FLOAT,1,,,,,model-uc50x,Adc1 / Max
adc1:avg,Adc1 / Avg,0,number,R,FLOAT,1,,,,,model-uc50x,Adc1 / Avg
adc2:cur,Adc2 / Cur,0,number,R,FLOAT,1,,,,,model-uc50x,Adc2 / Cur
adc2:min,Adc2 / Min,0,number,R,FLOAT,1,,,,,model-uc50x,Adc2 / Min
adc2:max,Adc2 / Max,0,number,R,FLOAT,1,,,,,model-uc50x,Adc2 / Max
adc2:avg,Adc2 / Avg,0,number,R,FLOAT,1,,,,,model-uc50x,Adc2 / Avg
chn-6,Chn-6,,string,R,STRING,,,,,,model-uc50x,Chn-6
valve1,Valve1,,string,R,STRING,,,,,,model-uc51x,Valve1
valve2,Valve2,,string,R,STRING,,,,,,model-uc51x,Valve2
valve1_pulse,Valve1 Pulse,0,number,R,FLOAT,1,,,,,model-uc51x,Valve1 Pulse
valve2_pulse,Valve2 Pulse,0,number,R,FLOAT,1,,,,,model-uc51x,Valve2 Pulse
adr_enable,Adr Enable,,boolean,W,BOOL,,,,,,shared-215-adr-enable,Adr Enable downlink command
rejoin_config,Rejoin Config,,number,W,UINT16,,,,,,shared-216-rejoin-config,Rejoin Config downlink command
data_rate,Data Rate,,number,W,UINT16,,,,,,shared-216-rejoin-config,Data Rate downlink command
tx_power_level,Tx Power Level,,number,W,UINT16,,,,,,shared-216-rejoin-config,Tx Power Level downlink command
lorawan_version,Lorawan Version,,number,W,UINT16,,,,,,shared-219-lorawan-version,Lorawan Version downlink command
rx2_data_rate,Rx2 Data Rate,,number,W,UINT16,,,,,,shared-219-lorawan-version,Rx2 Data Rate downlink command
rx2_frequency,Rx2 Frequency,,number,W,UINT16,,,,,,shared-219-lorawan-version,Rx2 Frequency downlink command
d2d_occupied_config,D2d Occupied Config,,number,W,UINT16,,,,,,model-vs121,D2d Occupied Config downlink command
d2d_vacant_config,D2d Vacant Config,,number,W,UINT16,,,,,,model-vs121,D2d Vacant Config downlink command
region_people_counting_enable,Region People Counting Enable,,boolean,W,BOOL,,,,,,model-vs121,Region People Counting Enable downlink command
region_people_counting_dwell_config,Region People Counting Dwell Config,,number,W,UINT16,,,,,,model-vs121,Region People Counting Dwell Config downlink command
report_regularly_enable,Report Regularly Enable,,boolean,W,BOOL,,,,,,model-vs121,Report Regularly Enable downlink command
periodic_report_scheme,Periodic Report Scheme,,number,W,UINT16,,,,,,model-vs121,Periodic Report Scheme downlink command
on_the_dot_report_interval,On The Dot Report Interval,,number,W,UINT16,,,,,,model-vs121,On The Dot Report Interval downlink command
from_now_on_report_interval,From Now On Report Interval,,number,W,UINT16,,,,,,model-vs121,From Now On Report Interval downlink command
people_counting_report_mode,People Counting Report Mode,,number,W,UINT16,,,,,,model-vs121,People Counting Report Mode downlink command
people_count_change_report_enable,People Count Change Report Enable,,boolean,W,BOOL,,,,,,model-vs121,People Count Change Report Enable downlink command
people_count_jitter,People Count Jitter,,number,W,UINT16,,,,,,model-vs121,People Count Jitter downlink command
report_with_timestamp,Report With Timestamp,,number,W,UINT16,,,,,,model-vs121,Report With Timestamp downlink command
line_detect_enable,Line Detect Enable,,boolean,W,BOOL,,,,,,model-vs121,Line Detect Enable downlink command
line_detect_report_enable,Line Detect Report Enable,,boolean,W,BOOL,,,,,,model-vs121,Line Detect Report Enable downlink command
clear_cumulative_count,Clear Cumulative Count,,boolean,W,BOOL,,,,,,model-vs121,Clear Cumulative Count downlink command
timed_reset_cumulative_enable,Timed Reset Cumulative Enable,,boolean,W,BOOL,,,,,,model-vs121,Timed Reset Cumulative Enable downlink command
reset_cumulative_schedule,Reset Cumulative Schedule,,boolean,W,BOOL,,,,,,model-vs121,Reset Cumulative Schedule downlink command
detect_region_config,Detect Region Config,,number,W,UINT16,,,,,,model-vs121,Detect Region Config downlink command
time_schedule_config,Time Schedule Config,,number,W,UINT16,,,,,,model-vs121,Time Schedule Config downlink command
time_schedule,Time Schedule,,number,W,UINT16,,,,,,model-vs121,Time Schedule downlink command
time_config,Time Config,,number,W,UINT16,,,,,,model-vs121,Time Config downlink command
log_level,Log Level,,number,W,UINT16,,,,,,model-vs121,Log Level downlink command
filter_u_turn_enable,Filter U Turn Enable,,boolean,W,BOOL,,,,,,model-vs121,Filter U Turn Enable downlink command
counter:3,Counter / 3,0,number,R,FLOAT,1,count,,,,shared-222-counter-3,Counter / 3
counter:4,Counter / 4,0,number,R,FLOAT,1,count,,,,shared-222-counter-3,Counter / 4
wifi_enable,Wifi Enable,,boolean,W,BOOL,,,,,,shared-224-wifi-enable,Wifi Enable downlink command
periodic_report_enable,Periodic Report Enable,,boolean,W,BOOL,,,,,,shared-225-periodic-report-enable,Periodic Report Enable downlink command
clear_total_count,Clear Total Count,,boolean,W,BOOL,,,,,,shared-225-periodic-report-enable,Clear Total Count downlink command
counter:5,Counter / 5,0,number,R,FLOAT,1,count,,,,group-counter,Counter / 5
counter:6,Counter / 6,0,number,R,FLOAT,1,count,,,,group-counter,Counter / 6
counter:7,Counter / 7,0,number,R,FLOAT,1,count,,,,group-counter,Counter / 7
counter:8,Counter / 8,0,number,R,FLOAT,1,count,,,,group-counter,Counter / 8
trigger_report_enable,Trigger Report Enable,,boolean,W,BOOL,,,,,,group-counter,Trigger Report Enable downlink command
sync_time_from_gateway_config,Sync Time From Gateway Config,,number,W,UINT16,,,,,,group-counter,Sync Time From Gateway Config downlink command
log_config,Log Config,,number,W,UINT16,,,,,,group-counter,Log Config downlink command
status:21,Status / 21,false,boolean,R,BOOL,,state,,,,model-vs321,Status / 21
status:22,Status / 22,false,boolean,R,BOOL,,state,,,,model-vs321,Status / 22
status:5,Status / 5,false,boolean,R,BOOL,,state,,,,shared-234-status-5,Status / 5
status:6,Status / 6,false,boolean,R,BOOL,,state,,,,shared-234-status-5,Status / 6
status:7,Status / 7,false,boolean,R,BOOL,,state,,,,shared-236-status-7,Status / 7
status:8,Status / 8,false,boolean,R,BOOL,,state,,,,shared-236-status-7,Status / 8
status:9,Status / 9,false,boolean,R,BOOL,,state,,,,model-vs321,Status / 9
status:10,Status / 10,false,boolean,R,BOOL,,state,,,,model-vs321,Status / 10
status:11,Status / 11,false,boolean,R,BOOL,,state,,,,model-vs321,Status / 11
status:12,Status / 12,false,boolean,R,BOOL,,state,,,,model-vs321,Status / 12
status:13,Status / 13,false,boolean,R,BOOL,,state,,,,model-vs321,Status / 13
status:14,Status / 14,false,boolean,R,BOOL,,state,,,,model-vs321,Status / 14
status:15,Status / 15,false,boolean,R,BOOL,,state,,,,model-vs321,Status / 15
status:16,Status / 16,false,boolean,R,BOOL,,state,,,,model-vs321,Status / 16
status:17,Status / 17,false,boolean,R,BOOL,,state,,,,model-vs321,Status / 17
status:18,Status / 18,false,boolean,R,BOOL,,state,,,,model-vs321,Status / 18
status:19,Status / 19,false,boolean,R,BOOL,,state,,,,model-vs321,Status / 19
status:20,Status / 20,false,boolean,R,BOOL,,state,,,,model-vs321,Status / 20
detect,Detect,,number,W,UINT16,,,,,,model-vs321,Detect downlink command
report_type,Report Type,,number,W,UINT16,,,,,,shared-238-report-type,Report Type downlink command
detection_mode,Detection Mode,,number,W,UINT16,,,,,,model-vs321,Detection Mode downlink command
lora_port,Lora Port,,number,W,UINT16,,,,,,shared-239-lora-port,Lora Port downlink command
human_exist_height,Human Exist Height,,number,W,UINT16,,,,,,model-vs330,Human Exist Height downlink command
test_enable,Test Enable,,boolean,W,BOOL,,,,,,model-vs330,Test Enable downlink command
test_duration,Test Duration,,number,W,UINT16,,,,,,model-vs330,Test Duration downlink command
back_test_config,Back Test Config,,number,W,UINT16,,,,,,model-vs330,Back Test Config downlink command
vacancy_reporting_interval,Vacancy Reporting Interval,,number,W,UINT16,,,,,,shared-240-vacancy-reporting-interval,Vacancy Reporting Interval downlink command
pir_collect_settings,Pir Collect Settings,,number,W,UINT16,,,,,,shared-240-vacancy-reporting-interval,Pir Collect Settings downlink command
thermopile_collect_settings,Thermopile Collect Settings,,number,W,UINT16,,,,,,shared-240-vacancy-reporting-interval,Thermopile Collect Settings downlink command
thermopile_negative_threshold,Thermopile Negative Threshold,,number,W,UINT16,,,,,,shared-240-vacancy-reporting-interval,Thermopile Negative Threshold downlink command
reset_cumulative_enable,Reset Cumulative Enable,,boolean,W,BOOL,,,,,,shared-244-reset-cumulative-enable,Reset Cumulative Enable downlink command
report_cumulative_enable,Report Cumulative Enable,,boolean,W,BOOL,,,,,,shared-244-reset-cumulative-enable,Report Cumulative Enable downlink command
reset_cumulative_interval,Reset Cumulative Interval,,boolean,W,BOOL,,,,,,model-vs350,Reset Cumulative Interval downlink command
reset_cumulative_in,Reset Cumulative In,,boolean,W,BOOL,,,,,,shared-244-reset-cumulative-enable,Reset Cumulative In downlink command
reset_cumulative_out,Reset Cumulative Out,,boolean,W,BOOL,,,,,,shared-244-reset-cumulative-enable,Reset Cumulative Out downlink command
report_temperature_enable,Report Temperature Enable,,boolean,W,BOOL,,,,,,shared-248-report-temperature-enable,Report Temperature Enable downlink command
people_period_alarm_config,People Period Alarm Config,,boolean,W,BOOL,,,,,,shared-244-reset-cumulative-enable,People Period Alarm Config downlink command
people_cumulative_alarm_config,People Cumulative Alarm Config,,boolean,W,BOOL,,,,,,shared-244-reset-cumulative-enable,People Cumulative Alarm Config downlink command
installation_height,Installation Height,,number,W,UINT16,,,,,,model-vs351,Installation Height downlink command
reset_cumulative_schedule_config,Reset Cumulative Schedule Config,,boolean,W,BOOL,,,,,,shared-251-reset-cumulative-schedule-config,Reset Cumulative Schedule Config downlink command
detection_direction,Detection Direction,,number,W,UINT16,,,,,,model-vs351,Detection Direction downlink command
lora_channel_mask_config,Lora Channel Mask Config,,number,W,UINT16,,,,,,model-vs351,Lora Channel Mask Config downlink command
lora_join_mode,Lora Join Mode,,number,W,UINT16,,,,,,model-vs351,Lora Join Mode downlink command
installation_scene,Installation Scene,,number,W,UINT16,,,,,,model-vs351,Installation Scene downlink command
batteryLevel:1,BatteryLevel / 1,0,number,R,FLOAT,1,%,,,,model-vs360,BatteryLevel / 1
batteryLevel:2,BatteryLevel / 2,0,number,R,FLOAT,1,%,,,,model-vs360,BatteryLevel / 2
counting_mode,Counting Mode,,number,W,UINT16,,,,,,model-vs360,Counting Mode downlink command
pir_idle_interval,Pir Idle Interval,,number,W,UINT16,,,,,,model-vs370,Pir Idle Interval downlink command
pir_window_time,Pir Window Time,,number,W,UINT16,,,,,,model-vs370,Pir Window Time downlink command
pir_pulse_times,Pir Pulse Times,,number,W,UINT16,,,,,,model-vs370,Pir Pulse Times downlink command
pir_sensitivity,Pir Sensitivity,,number,W,UINT16,,,,,,model-vs370,Pir Sensitivity downlink command
radar_sensitivity,Radar Sensitivity,,number,W,UINT16,,,,,,model-vs370,Radar Sensitivity downlink command
pir_illuminance_threshold,Pir Illuminance Threshold,,number,W,UINT16,,,,,,model-vs370,Pir Illuminance Threshold downlink command
duration:1,Duration / 1,0,number,R,FLOAT,1,minute,,,,model-vs373,Duration / 1
duration:2,Duration / 2,0,number,R,FLOAT,1,minute,,,,model-vs373,Duration / 2
digital_output,Digital Output,,number,W,UINT16,,,,,,model-vs373,Digital Output downlink command
detection_region_settings,Detection Region Settings,,number,W,UINT16,,,,,,model-vs373,Detection Region Settings downlink command
detection_settings,Detection Settings,,number,W,UINT16,,,,,,model-vs373,Detection Settings downlink command
fall_detection_settings,Fall Detection Settings,,number,W,UINT16,,,,,,model-vs373,Fall Detection Settings downlink command
dwell_detection_settings,Dwell Detection Settings,,number,W,UINT16,,,,,,model-vs373,Dwell Detection Settings downlink command
motion_detection_settings,Motion Detection Settings,,number,W,UINT16,,,,,,model-vs373,Motion Detection Settings downlink command
sleep_detection_config,Sleep Detection Config,,number,W,UINT16,,,,,,model-vs373,Sleep Detection Config downlink command
respiratory_detection_config,Respiratory Detection Config,,number,W,UINT16,,,,,,model-vs373,Respiratory Detection Config downlink command
ai_fall_detection_enable,Ai Fall Detection Enable,,boolean,W,BOOL,,,,,,model-vs373,Ai Fall Detection Enable downlink command
release_alarm,Release Alarm,,boolean,W,BOOL,,,,,,model-vs373,Release Alarm downlink command
confirm_fall_alarm,Confirm Fall Alarm,,boolean,W,BOOL,,,,,,model-vs373,Confirm Fall Alarm downlink command
existence_detection_settings,Existence Detection Settings,,number,W,UINT16,,,,,,model-vs373,Existence Detection Settings downlink command
region_settings,Region Settings,,number,W,UINT16,,,,,,model-vs373,Region Settings downlink command
delete_region,Delete Region,,number,W,UINT16,,,,,,model-vs373,Delete Region downlink command
region_detection_settings,Region Detection Settings,,number,W,UINT16,,,,,,model-vs373,Region Detection Settings downlink command
bed_detection_settings,Bed Detection Settings,,number,W,UINT16,,,,,,model-vs373,Bed Detection Settings downlink command
d2d_slave_config,D2d Slave Config,,number,W,UINT16,,,,,,shared-252-d2d-slave-config,D2d Slave Config downlink command
wifi_ssid_hidden,Wifi Ssid Hidden,,number,W,UINT16,,,,,,model-vs373,Wifi Ssid Hidden downlink command
time_sync_config,Time Sync Config,,number,W,UINT16,,,,,,model-vs373,Time Sync Config downlink command
trigger_digital_output_config,Trigger Digital Output Config,,number,W,UINT16,,,,,,model-vs373,Trigger Digital Output Config downlink command
double_click_enable,Double Click Enable,,boolean,W,BOOL,,,,,,model-ws101,Double Click Enable downlink command
height,Height,0,number,R,FLOAT,1,mm,,,,model-ws201,Height
depth,Depth,,number,W,UINT16,,,,,,model-ws201,Depth downlink command
remaining_alarm_config,Remaining Alarm Config,,boolean,W,BOOL,,,,,,model-ws201,Remaining Alarm Config downlink command
presence,Presence,false,boolean,R,BOOL,,state,,,,model-ws202,Presence
light_alarm_config,Light Alarm Config,,boolean,W,BOOL,,,,,,model-ws202,Light Alarm Config downlink command
vacant_reporting_interval,Vacant Reporting Interval,,number,W,UINT16,,,,,,model-ws203,Vacant Reporting Interval downlink command
sound:1,Sound / 1,0,number,R,FLOAT,1,dB,,,,model-ws302,Sound / 1
sound:2,Sound / 2,0,number,R,FLOAT,1,dB,,,,model-ws302,Sound / 2
sound:3,Sound / 3,0,number,R,FLOAT,1,dB,,,,model-ws302,Sound / 3
frequency_weighting_type,Frequency Weighting Type,,number,W,UINT16,,,,,,model-ws302,Frequency Weighting Type downlink command
time_weighting_type,Time Weighting Type,,number,W,UINT16,,,,,,model-ws302,Time Weighting Type downlink command
find_device_enable,Find Device Enable,,boolean,W,BOOL,,,,,,model-ws303,Find Device Enable downlink command
find_device_time,Find Device Time,,number,W,UINT16,,,,,,model-ws303,Find Device Time downlink command
stop_alarming,Stop Alarming,,boolean,W,BOOL,,,,,,model-ws303,Stop Alarming downlink command
lora_report_settings,Lora Report Settings,,number,W,UINT16,,,,,,model-ws303,Lora Report Settings downlink command
switch_1,Switch 1,,string,R,STRING,,,,,,model-ws50x,Switch 1
switch_2,Switch 2,,string,R,STRING,,,,,,model-ws50x,Switch 2
switch_3,Switch 3,,string,R,STRING,,,,,,model-ws50x,Switch 3
switch_1_change,Switch 1 Change,,string,R,STRING,,,,,,model-ws50x,Switch 1 Change
switch_2_change,Switch 2 Change,,string,R,STRING,,,,,,model-ws50x,Switch 2 Change
switch_3_change,Switch 3 Change,,string,R,STRING,,,,,,model-ws50x,Switch 3 Change
voltage,Voltage,0,number,R,FLOAT,1,V,,,,shared-253-voltage,Voltage
activePower,ActivePower,0,number,R,FLOAT,1,W,,,,shared-253-voltage,ActivePower
powerFactor,PowerFactor,0,number,R,FLOAT,1,/,,,,shared-255-powerfactor,PowerFactor
energy,Energy,0,number,R,FLOAT,1,Wh,,,,shared-256-energy,Energy
current,Current,0,number,R,FLOAT,1,mA,,,,shared-253-voltage,Current
delay_task,Delay Task,,number,W,UINT16,,,,,,model-ws515,Delay Task downlink command
socket_status,Socket Status,,number,W,UINT16,,,,,,shared-258-socket-status,Socket Status downlink command
cancel_delay_task,Cancel Delay Task,,number,W,UINT16,,,,,,shared-253-voltage,Cancel Delay Task downlink command
over_current_protection,Over Current Protection,,number,W,UINT16,,,,,,shared-258-socket-status,Over Current Protection downlink command
overload_current_protection,Overload Current Protection,,number,W,UINT16,,,,,,model-ws515,Overload Current Protection downlink command
child_lock_config,Child Lock Config,,number,W,UINT16,,,,,,shared-261-child-lock-config,Child Lock Config downlink command
power_consumption_enable,Power Consumption Enable,,boolean,W,BOOL,,,,,,shared-253-voltage,Power Consumption Enable downlink command
reset_power_consumption,Reset Power Consumption,,boolean,W,BOOL,,,,,,shared-258-socket-status,Reset Power Consumption downlink command
led_indicator_reserve,Led Indicator Reserve,,number,W,UINT16,,,,,,model-ws515,Led Indicator Reserve downlink command
d2d_command,D2d Command,,number,W,UINT16,,,,,,model-ws515,D2d Command downlink command
power,Power,0,number,R,FLOAT,1,W,,,,model-ws525,Power
report_attribute,Report Attribute,,number,W,UINT16,,,,,,model-ws525,Report Attribute downlink command
delay_time,Delay Time,,number,W,UINT16,,,,,,shared-264-delay-time,Delay Time downlink command
voltage,Voltage,0,number,R,FLOAT,1,,,,,model-ws52x,Voltage
power,Power,0,number,R,FLOAT,1,,,,,model-ws52x,Power
factor,Factor,0,number,R,FLOAT,1,,,,,model-ws52x,Factor
power_sum,Power Sum,0,number,R,FLOAT,1,,,,,model-ws52x,Power Sum
current,Current,0,number,R,FLOAT,1,,,,,model-ws52x,Current
state,State,,string,R,STRING,,,,,,model-ws52x,State
outage,Outage,0,number,R,FLOAT,1,,,,,model-ws52x,Outage
power:1,Power / 1,0,number,R,FLOAT,1,W,,,,model-ws52x,Power / 1
power:2,Power / 2,0,number,R,FLOAT,1,W,,,,model-ws52x,Power / 2
switch_1,Switch 1,,number,W,UINT16,,,,,,model-ws558,Switch 1 downlink command
switch_2,Switch 2,,number,W,UINT16,,,,,,model-ws558,Switch 2 downlink command
switch_3,Switch 3,,number,W,UINT16,,,,,,model-ws558,Switch 3 downlink command
switch_4,Switch 4,,number,W,UINT16,,,,,,model-ws558,Switch 4 downlink command
switch_5,Switch 5,,number,W,UINT16,,,,,,model-ws558,Switch 5 downlink command
switch_6,Switch 6,,number,W,UINT16,,,,,,model-ws558,Switch 6 downlink command
switch_7,Switch 7,,number,W,UINT16,,,,,,model-ws558,Switch 7 downlink command
switch_8,Switch 8,,number,W,UINT16,,,,,,model-ws558,Switch 8 downlink command
clear_power_consumption,Clear Power Consumption,,boolean,W,BOOL,,,,,,model-ws558,Clear Power Consumption downlink command
percentage,Percentage,0,number,R,FLOAT,1,%,,,,model-wt101,Percentage
report_heating_date,Report Heating Date,,number,W,UINT16,,,,,,model-wt101,Report Heating Date downlink command
report_heating_schedule,Report Heating Schedule,,number,W,UINT16,,,,,,model-wt101,Report Heating Schedule downlink command
temperature_control,Temperature Control,,number,W,UINT16,,,,,,model-wt101,Temperature Control downlink command
enable,Enable,,boolean,W,BOOL,,,,,,model-wt101,Enable downlink command
mode,Mode,,number,W,UINT16,,,,,,model-wt101,Mode downlink command
target_temperature,Target Temperature,,number,W,UINT16,,,,,,shared-265-target-temperature,Target Temperature downlink command
target_temperature_range,Target Temperature Range,,number,W,UINT16,,,,,,model-wt101,Target Temperature Range downlink command
open_window_detection,Open Window Detection,,number,W,UINT16,,,,,,model-wt101,Open Window Detection downlink command
restore_open_window_detection,Restore Open Window Detection,,number,W,UINT16,,,,,,model-wt101,Restore Open Window Detection downlink command
valve_opening,Valve Opening,,number,W,UINT16,,,,,,model-wt101,Valve Opening downlink command
valve_calibration,Valve Calibration,,number,W,UINT16,,,,,,model-wt101,Valve Calibration downlink command
valve_control_algorithm,Valve Control Algorithm,,number,W,UINT16,,,,,,model-wt101,Valve Control Algorithm downlink command
freeze_protection_config,Freeze Protection Config,,number,W,UINT16,,,,,,shared-266-freeze-protection-config,Freeze Protection Config downlink command
offline_control_mode,Offline Control Mode,,number,W,UINT16,,,,,,shared-266-freeze-protection-config,Offline Control Mode downlink command
outside_temperature,Outside Temperature,,number,W,UINT16,,,,,,shared-268-outside-temperature,Outside Temperature downlink command
outside_temperature_control,Outside Temperature Control,,number,W,UINT16,,,,,,shared-268-outside-temperature,Outside Temperature Control downlink command
display_ambient_temperature,Display Ambient Temperature,,number,W,UINT16,,,,,,model-wt101,Display Ambient Temperature downlink command
window_detection_valve_strategy,Window Detection Valve Strategy,,number,W,UINT16,,,,,,model-wt101,Window Detection Valve Strategy downlink command
effective_stroke,Effective Stroke,,number,W,UINT16,,,,,,model-wt101,Effective Stroke downlink command
heating_date,Heating Date,,number,W,UINT16,,,,,,model-wt101,Heating Date downlink command
heating_schedule,Heating Schedule,,number,W,UINT16,,,,,,model-wt101,Heating Schedule downlink command
change_report_enable,Change Report Enable,,boolean,W,BOOL,,,,,,shared-270-change-report-enable,Change Report Enable downlink command
percentage:1,Percentage / 1,0,number,R,FLOAT,1,%,,,,model-wt102,Percentage / 1
percentage:2,Percentage / 2,0,number,R,FLOAT,1,%,,,,model-wt102,Percentage / 2
request_check_sequence_number,Request Check Sequence Number,,number,W,UINT16,,,,,,model-wt102,Request Check Sequence Number downlink command
lorawan_class,Lorawan Class,,number,W,UINT16,,,,,,model-wt102,Lorawan Class downlink command
motor_total_stroke,Motor Total Stroke,,number,W,UINT16,,,,,,model-wt102,Motor Total Stroke downlink command
motor_position,Motor Position,,number,W,UINT16,,,,,,model-wt102,Motor Position downlink command
valve_opening_degree,Valve Opening Degree,,number,W,UINT16,,,,,,model-wt102,Valve Opening Degree downlink command
motor_calibration_result_report,Motor Calibration Result Report,,number,W,UINT16,,,,,,model-wt102,Motor Calibration Result Report downlink command
target_valve_opening_degree,Target Valve Opening Degree,,number,W,UINT16,,,,,,model-wt102,Target Valve Opening Degree downlink command
low_battery_alarm,Low Battery Alarm,,boolean,W,BOOL,,,,,,model-wt102,Low Battery Alarm downlink command
anti_freeze_protection_alarm,Anti Freeze Protection Alarm,,boolean,W,BOOL,,,,,,model-wt102,Anti Freeze Protection Alarm downlink command
mandatory_heating_alarm,Mandatory Heating Alarm,,boolean,W,BOOL,,,,,,model-wt102,Mandatory Heating Alarm downlink command
auto_away_report,Auto Away Report,,number,W,UINT16,,,,,,model-wt102,Auto Away Report downlink command
window_opening_alarm,Window Opening Alarm,,boolean,W,BOOL,,,,,,model-wt102,Window Opening Alarm downlink command
periodic_reporting,Periodic Reporting,,number,W,UINT16,,,,,,model-wt102,Periodic Reporting downlink command
temperature_source_settings,Temperature Source Settings,,number,W,UINT16,,,,,,shared-271-temperature-source-settings,Temperature Source Settings downlink command
environment_temperature_display_enable,Environment Temperature Display Enable,,boolean,W,BOOL,,,,,,model-wt102,Environment Temperature Display Enable downlink command
heating_period_settings,Heating Period Settings,,number,W,UINT16,,,,,,model-wt102,Heating Period Settings downlink command
temp_control,Temp Control,,number,W,UINT16,,,,,,model-wt102,Temp Control downlink command
window_opening_detection_settings,Window Opening Detection Settings,,number,W,UINT16,,,,,,shared-271-temperature-source-settings,Window Opening Detection Settings downlink command
auto_away_settings,Auto Away Settings,,number,W,UINT16,,,,,,model-wt102,Auto Away Settings downlink command
anti_freeze_protection_setting,Anti Freeze Protection Setting,,number,W,UINT16,,,,,,model-wt102,Anti Freeze Protection Setting downlink command
mandatory_heating_enable,Mandatory Heating Enable,,boolean,W,BOOL,,,,,,model-wt102,Mandatory Heating Enable downlink command
child_lock,Child Lock,,number,W,UINT16,,,,,,model-wt102,Child Lock downlink command
motor_stroke_limit,Motor Stroke Limit,,number,W,UINT16,,,,,,model-wt102,Motor Stroke Limit downlink command
schedule_settings,Schedule Settings,,number,W,UINT16,,,,,,model-wt102,Schedule Settings downlink command
motor_controllable_range,Motor Controllable Range,,number,W,UINT16,,,,,,model-wt102,Motor Controllable Range downlink command
collect_data,Collect Data,,number,W,UINT16,,,,,,model-wt102,Collect Data downlink command
query_motor_stroke_position,Query Motor Stroke Position,,number,W,UINT16,,,,,,model-wt102,Query Motor Stroke Position downlink command
calibrate_motor,Calibrate Motor,,number,W,UINT16,,,,,,model-wt102,Calibrate Motor downlink command
set_target_valve_opening_degree,Set Target Valve Opening Degree,,number,W,UINT16,,,,,,model-wt102,Set Target Valve Opening Degree downlink command
set_target_temperature,Set Target Temperature,,number,W,UINT16,,,,,,model-wt102,Set Target Temperature downlink command
set_temperature,Set Temperature,,number,W,UINT16,,,,,,model-wt102,Set Temperature downlink command
set_occupancy_state,Set Occupancy State,,number,W,UINT16,,,,,,model-wt102,Set Occupancy State downlink command
set_opening_window,Set Opening Window,,number,W,UINT16,,,,,,model-wt102,Set Opening Window downlink command
delete_schedule,Delete Schedule,,number,W,UINT16,,,,,,model-wt102,Delete Schedule downlink command
temperature_control_mode,Temperature Control Mode,,number,W,UINT16,,,,,,shared-273-temperature-control-mode,Temperature Control Mode downlink command
temperature_control_enable,Temperature Control Enable,,boolean,W,BOOL,,,,,,model-wt201,Temperature Control Enable downlink command
temperature_tolerance,Temperature Tolerance,,number,W,UINT16,,,,,,shared-274-temperature-tolerance,Temperature Tolerance downlink command
temperature_level_up_condition,Temperature Level Up Condition,,number,W,UINT16,,,,,,shared-274-temperature-tolerance,Temperature Level Up Condition downlink command
fan_mode,Fan Mode,,number,W,UINT16,,,,,,shared-273-temperature-control-mode,Fan Mode downlink command
fan_delay_enable,Fan Delay Enable,,boolean,W,BOOL,,,,,,model-wt201,Fan Delay Enable downlink command
fan_execute_time,Fan Execute Time,,number,W,UINT16,,,,,,shared-274-temperature-tolerance,Fan Execute Time downlink command
humidity_range,Humidity Range,,number,W,UINT16,,,,,,shared-274-temperature-tolerance,Humidity Range downlink command
temperature_dehumidify,Temperature Dehumidify,,number,W,UINT16,,,,,,shared-274-temperature-tolerance,Temperature Dehumidify downlink command
fan_dehumidify,Fan Dehumidify,,number,W,UINT16,,,,,,shared-274-temperature-tolerance,Fan Dehumidify downlink command
plan_type,Plan Type,,number,W,UINT16,,,,,,shared-274-temperature-tolerance,Plan Type downlink command
plan_schedule,Plan Schedule,,number,W,UINT16,,,,,,shared-274-temperature-tolerance,Plan Schedule downlink command
plan_config,Plan Config,,number,W,UINT16,,,,,,shared-283-plan-config,Plan Config downlink command
card_config,Card Config,,number,W,UINT16,,,,,,shared-274-temperature-tolerance,Card Config downlink command
ob_mode,Ob Mode,,number,W,UINT16,,,,,,shared-274-temperature-tolerance,Ob Mode downlink command
wires,Wires,,number,W,UINT16,,,,,,shared-274-temperature-tolerance,Wires downlink command
multicast_group_config,Multicast Group Config,,number,W,UINT16,,,,,,shared-274-temperature-tolerance,Multicast Group Config downlink command
d2d_master_enable,D2d Master Enable,,boolean,W,BOOL,,,,,,shared-273-temperature-control-mode,D2d Master Enable downlink command
d2d_slave_enable,D2d Slave Enable,,boolean,W,BOOL,,,,,,shared-273-temperature-control-mode,D2d Slave Enable downlink command
control_permission,Control Permission,,number,W,UINT16,,,,,,shared-274-temperature-tolerance,Control Permission downlink command
wires_relay_config,Wires Relay Config,,number,W,UINT16,,,,,,shared-274-temperature-tolerance,Wires Relay Config downlink command
screen_display_mode,Screen Display Mode,,number,W,UINT16,,,,,,shared-274-temperature-tolerance,Screen Display Mode downlink command
current_temperature_control_mode,Current Temperature Control Mode,,number,W,UINT16,,,,,,model-wt201-v2,Current Temperature Control Mode downlink command
system_status,System Status,,number,W,UINT16,,,,,,shared-293-system-status,System Status downlink command
temperature_source_config,Temperature Source Config,,number,W,UINT16,,,,,,model-wt201-v2,Temperature Source Config downlink command
plan_schedule_enable_config,Plan Schedule Enable Config,,boolean,W,BOOL,,,,,,model-wt201-v2,Plan Schedule Enable Config downlink command
single_temperature_plan_config,Single Temperature Plan Config,,number,W,UINT16,,,,,,model-wt201-v2,Single Temperature Plan Config downlink command
dual_temperature_plan_config,Dual Temperature Plan Config,,number,W,UINT16,,,,,,model-wt201-v2,Dual Temperature Plan Config downlink command
d2d_master_ids,D2d Master Ids,,number,W,UINT16,,,,,,model-wt201-v2,D2d Master Ids downlink command
wires_relay_change_report_enable,Wires Relay Change Report Enable,,boolean,W,BOOL,,,,,,model-wt201-v2,Wires Relay Change Report Enable downlink command
aux_control_config,Aux Control Config,,number,W,UINT16,,,,,,model-wt201-v2,Aux Control Config downlink command
system_protect_config,System Protect Config,,number,W,UINT16,,,,,,model-wt201-v2,System Protect Config downlink command
target_temperature_range_config,Target Temperature Range Config,,number,W,UINT16,,,,,,model-wt201-v2,Target Temperature Range Config downlink command
fan_control_during_heating,Fan Control During Heating,,number,W,UINT16,,,,,,model-wt201-v2,Fan Control During Heating downlink command
dual_temperature_tolerance,Dual Temperature Tolerance,,number,W,UINT16,,,,,,model-wt201-v2,Dual Temperature Tolerance downlink command
target_temperature_dual_enable,Target Temperature Dual Enable,,boolean,W,BOOL,,,,,,model-wt201-v2,Target Temperature Dual Enable downlink command
compressor_aux_combine_enable,Compressor Aux Combine Enable,,boolean,W,BOOL,,,,,,model-wt201-v2,Compressor Aux Combine Enable downlink command
unlock_config,Unlock Config,,number,W,UINT16,,,,,,model-wt201-v2,Unlock Config downlink command
fan_delay_config,Fan Delay Config,,number,W,UINT16,,,,,,shared-293-system-status,Fan Delay Config downlink command
temperature_level_up_down_delta,Temperature Level Up Down Delta,,number,W,UINT16,,,,,,model-wt201-v2,Temperature Level Up Down Delta downlink command
target_temperature_resolution,Target Temperature Resolution,,number,W,UINT16,,,,,,shared-293-system-status,Target Temperature Resolution downlink command
temperature_up_down_enable,Temperature Up Down Enable,,boolean,W,BOOL,,,,,,model-wt201-v2,Temperature Up Down Enable downlink command
temperature_control_forbidden_config,Temperature Control Forbidden Config,,number,W,UINT16,,,,,,model-wt201-v2,Temperature Control Forbidden Config downlink command
support_mode,Support Mode,,number,W,UINT16,,,,,,shared-296-support-mode,Support Mode downlink command
intelligent_display_enable,Intelligent Display Enable,,boolean,W,BOOL,,,,,,shared-296-support-mode,Intelligent Display Enable downlink command
screen_object_settings,Screen Object Settings,,number,W,UINT16,,,,,,shared-296-support-mode,Screen Object Settings downlink command
target_temperature_tolerance,Target Temperature Tolerance,,number,W,UINT16,,,,,,shared-296-support-mode,Target Temperature Tolerance downlink command
heating_target_temperature,Heating Target Temperature,,number,W,UINT16,,,,,,shared-296-support-mode,Heating Target Temperature downlink command
cooling_target_temperature,Cooling Target Temperature,,number,W,UINT16,,,,,,shared-296-support-mode,Cooling Target Temperature downlink command
heating_target_temperature_range,Heating Target Temperature Range,,number,W,UINT16,,,,,,shared-296-support-mode,Heating Target Temperature Range downlink command
cooling_target_temperature_range,Cooling Target Temperature Range,,number,W,UINT16,,,,,,shared-296-support-mode,Cooling Target Temperature Range downlink command
dehumidify_config,Dehumidify Config,,number,W,UINT16,,,,,,shared-296-support-mode,Dehumidify Config downlink command
target_humidity_range,Target Humidity Range,,number,W,UINT16,,,,,,shared-296-support-mode,Target Humidity Range downlink command
fan_speed_config,Fan Speed Config,,number,W,UINT16,,,,,,shared-296-support-mode,Fan Speed Config downlink command
high_temperature_alarm_settings,High Temperature Alarm Settings,,boolean,W,BOOL,,,,,,shared-296-support-mode,High Temperature Alarm Settings downlink command
low_temperature_alarm_settings,Low Temperature Alarm Settings,,boolean,W,BOOL,,,,,,shared-296-support-mode,Low Temperature Alarm Settings downlink command
valve_interface_settings,Valve Interface Settings,,number,W,UINT16,,,,,,shared-296-support-mode,Valve Interface Settings downlink command
di_settings,Di Settings,,number,W,UINT16,,,,,,shared-296-support-mode,Di Settings downlink command
di_enable,Di Enable,,boolean,W,BOOL,,,,,,shared-296-support-mode,Di Enable downlink command
freeze_protection_settings,Freeze Protection Settings,,number,W,UINT16,,,,,,shared-296-support-mode,Freeze Protection Settings downlink command
d2d_pairing_enable,D2d Pairing Enable,,boolean,W,BOOL,,,,,,shared-296-support-mode,D2d Pairing Enable downlink command
d2d_pairing_settings,D2d Pairing Settings,,number,W,UINT16,,,,,,shared-296-support-mode,D2d Pairing Settings downlink command
d2d_master_settings,D2d Master Settings,,number,W,UINT16,,,,,,shared-296-support-mode,D2d Master Settings downlink command
d2d_slave_settings,D2d Slave Settings,,number,W,UINT16,,,,,,shared-296-support-mode,D2d Slave Settings downlink command
timed_system_control_settings,Timed System Control Settings,,number,W,UINT16,,,,,,shared-296-support-mode,Timed System Control Settings downlink command
temporary_unlock_settings,Temporary Unlock Settings,,number,W,UINT16,,,,,,shared-296-support-mode,Temporary Unlock Settings downlink command
temperature_control_with_standby_fan_mode,Temperature Control With Standby Fan Mode,,number,W,UINT16,,,,,,shared-296-support-mode,Temperature Control With Standby Fan Mode downlink command
valve_opening_negative_valve_mode,Valve Opening Negative Valve Mode,,number,W,UINT16,,,,,,shared-296-support-mode,Valve Opening Negative Valve Mode downlink command
relay_changes_report_enable,Relay Changes Report Enable,,boolean,W,BOOL,,,,,,shared-296-support-mode,Relay Changes Report Enable downlink command
auto_provisioning_enable,Auto Provisioning Enable,,boolean,W,BOOL,,,,,,shared-296-support-mode,Auto Provisioning Enable downlink command
history_transmit_settings,History Transmit Settings,,number,W,UINT16,,,,,,shared-296-support-mode,History Transmit Settings downlink command
stop_transmit_history,Stop Transmit History,,number,W,UINT16,,,,,,shared-296-support-mode,Stop Transmit History downlink command
opening_window_alarm,Opening Window Alarm,,boolean,W,BOOL,,,,,,shared-296-support-mode,Opening Window Alarm downlink command
insert_plan_id,Insert Plan Id,,number,W,UINT16,,,,,,shared-296-support-mode,Insert Plan Id downlink command
clear_plan,Clear Plan,,boolean,W,BOOL,,,,,,shared-296-support-mode,Clear Plan downlink command
valve_control_settings,Valve Control Settings,,number,W,UINT16,,,,,,model-wt304,Valve Control Settings downlink command
fan_control_settings,Fan Control Settings,,number,W,UINT16,,,,,,model-wt304,Fan Control Settings downlink command
angle,Angle,0,number,R,FLOAT,1,deg,,,,model-wts305,Angle
velocity,Velocity,0,number,R,FLOAT,1,km/h,,,,model-wts305,Velocity
